Category_Type,Content_Format,Likes,Comments,Views,Shares,Saves,Duration_Seconds,Full_Text_Content,Post_URL_Reference,User_Comment_1,User_Comment_2,User_Comment_3,User_Comment_4,User_Comment_5,Hook_Type,Posting_Time,Primary_Hashtag,Hashtag_Global_Post_Count,Hashtag_Daily_Growth_Rate_%,Search_Volume_Index,Trend_Lifecycle_Status
Mental Health,Video,62201,1209,3176995,3291,2168,1053,"How to manage your mental health | Leon Taylor | TEDxClapham | Prolonged psychological stress is the enemy of our mental health, and physical movement is our best weapon to respond.??? Leon Taylor is a former competitive diver who competed for TeamGB at three Olympic Games. Following retirement, he transitioned to the commentary booth where he works for the BBC. Leon has a passion for performance, wellness and movement spending much of his time now as a speaker, executive coach, and mentor to the next generation of sports stars. His enthusiasm and skill for mentoring have allowed him to work with a range of athletes across Olympic and Paralympic sports. Most recently playing the role of Athlete services lead at the pre-Games Camp in Brazil prior to TeamGB'srecord-breakingg 2nd place on the medal table. This talk was given at a TEDx event using the TED conference format but independently organized by a local community. Learn more at https://www.ted.com/tedx",https://www.youtube.com/watch?v=rkZl2gsLUp4,An intense but deeply necessary conversation regarding our daily core habits.,Definitely bookmarking this video to take deeper notes later.,That specific point about where we go wrong was a massive wake-up call for me.,This is highly relatable analysis. The segment on behavioral patterns is perfect.,I never looked at the macro trends of mental health from this direct viewpoint.,Text Hook,Peak Hours (5PM-9PM),#relatable,16995,38.67,56,Rising Trend
Mental Health,Video,47113,2336,3180069,2706,1997,3116,"Mental health and resilience - the secrets of inner strength | DW Documentary | Around one billion people struggle with stress-related illness globally - and that figure is rising. What protects those with good mental health? Is their resilience innate? Or is the ability to withstand chronic stress and crisis something that can be learned?

In the search for answers, the film visits some of the leading figures in resilience research. The filmmakers also interview epigeneticists and neuroscientists. In the largest European resilience center in Mainz, Germany, researchers conduct a long-term study to explore the mechanisms deployed by people who enjoy good mental health despite stress and crisis. In southern France, the film meets Boris Cyrulnik, a pioneer of resilience research. His credo: when it comes to resilient behavior, it???s not just down to us - society and politics also have a responsibility to create appropriate conditions for stable psychological health. And the film tells the moving story of two families united by tragedy: following the violent death of their two sons, who were friends, they struggle to find their way back to some semblance of normal life.

Our experiences, our environment and our genes - all influence our powers of mental resilience. Resilience isn???t a magic word or a promise of happiness, but a life-long learning process.

#documentary #dwdocumentary 
______

DW Documentary gives you knowledge beyond the headlines. Watch top documentaries from German broadcasters and international production companies. Meet intriguing people, travel to distant lands, get a look behind the complexities of daily life and build a deeper understanding of current affairs and global events. Subscribe and explore the world around you with DW Documentary.

Subscribe to: 
??? DW Documentary (English): https://www.youtube.com/dwdocumentary
??? DW Documental (Spanish): https://www.youtube.com/dwdocumental
??? DW Documentary ?????????????? ???? ?????????? (Arabic): https://www.youtube.com/dwdocarabia
??? DW Doku (German): https://www.youtube.com/dwdoku
??? DW Documentary ?????????????????? (Hindi): https://www.youtube.com/dwdochindi

For more visit: http://www.dw.com/en/tv/docfilm/s-3610
Follow DW Documentary on Instagram: https://www.instagram.com/dwdocumentary/
Follow DW Documental on Facebook: https://www.facebook.com/dwdocumental

We kindly ask viewers to read and stick to the DW netiquette policy on our channel: https://p.dw.com/p/MF1G",https://www.youtube.com/watch?v=YdMCL9_UTE4,An intense but deeply necessary conversation regarding our daily core habits.,I highly appreciate the clean academic framing of these societal problems.,This perfectly highlights why long-term anxiety manifests in daily routines.,I never looked at the macro trends of mental health from this direct viewpoint.,The psychological structural explanation here is exactly what I needed to hear.,Visual Hook,Off-Peak Hours (9AM-1PM),#documentary,2060,27.98,62,Rising Trend
Mental Health,Video,85509,4159,14936404,4899,3605,13370,"Dr. Paul Conti: How to Understand & Assess Your Mental Health | Huberman Lab Guest Series | This is episode 1 of a 4-part special series on mental health with psychiatrist Dr. Paul Conti, M.D., who trained at Stanford School of Medicine and completed his residency at Harvard Medical School before founding his clinical practice, the Pacific Premiere Group.

Dr. Conti defines mental health in actionable terms and describes the foundational elements of the self, including the structure and function of the unconscious and conscious mind, which give rise to all our thoughts, behaviors, and emotions. He also explains how to explore and address the root causes of anxiety, low confidence, negative internal narratives, and over-thinking, as well as how our unconscious defense mechanisms operate.

This episode provides a foundational roadmap to assess your sense of self and mental health. It offers tools to reshape negative emotions, thought patterns, and behaviors ??? either through self-exploration or with a licensed professional.

The subsequent three episodes in this special series explore additional tools to further understand and improve your mental health.

Access the full show notes for this episode: https://go.hubermanlab.com/nkyO23n

*Thank you to our sponsors*
AG1: https://drinkag1.com/huberman
BetterHelp: https://betterhelp.com/huberman 
Waking Up: https://wakingup.com/huberman 
Momentous: https://livemomentous.com/huberman

*Huberman Lab Social & Website*
Instagram: https://www.instagram.com/hubermanlab 
Threads: https://www.threads.net/@hubermanlab
Twitter: https://twitter.com/hubermanlab 
Facebook: https://www.facebook.com/hubermanlab 
TikTok: https://www.tiktok.com/@hubermanlab 
LinkedIn: https://www.linkedin.com/in/andrew-huberman
Website: https://www.hubermanlab.com 
Newsletter: https://www.hubermanlab.com/newsletter

*Dr. Paul Conti*
Website: https://drpaulconti.com 
Pacific Premier Group: https://pacificpremiergroup.com 
Trauma: The Invisible Epidemic: How Trauma Works and How We Can Heal From It: https://amzlink.to/az01KBLaUX3m6
LinkedIn: https://www.linkedin.com/in/dr-paul-m-conti-845074216

*Timestamps*
00:00:00 Dr. Paul Conti
00:03:46 Sponsors: BetterHelp & Waking Up
00:06:55 What is a Healthy Self?
00:10:41 Agency & Gratitude; Empowerment & Humility 
00:16:13 Physical Health & Mental Health Parallels
00:20:21 Structure of Self; Unconscious vs. Conscious Mind; ???Iceberg???
00:26:15 Defense Mechanisms; Character Structure ???Nest???, Sense of Self 
00:31:27 Predispositions & Character Structure
00:36:01 Sponsor: AG1
00:37:27 Character Structure & Action States; Physical Health Parallels
00:46:20 Anxiety; Understanding Excessive Anxiety
00:53:12 Improving Confidence: State Dependence & Phenomenology; Narcissism
00:59:44 Changing Beliefs & Internal Narratives
01:06:04 Individuality & Addressing Mental Health Challenges
01:11:21 Mental Health Goals & Growth
01:17:32 Function of Self
01:23:00 Defense Mechanisms: Projection, Displacement
01:30:14 Projection, Displacement, Projective Identification
01:34:50 Humor, Sarcasm, Cynicism
01:40:41 Attention & Salience; Negative Internal Dialogue 
01:45:02 Repetition Compulsion & Defense Mechanism, Trauma
01:58:55 Mirror Meditation & Self Awareness; Structure & Function of Self, ???Cupboards???
02:04:57 Pillars of the Mind, Agency & Gratitude, Happiness
02:13:53 Generative Drive, Aggressive & Pleasure Drives
02:21:33 Peace, Contentment & Delight, Generative Drive; Amplification
02:24:18 Generative Drive, Amplification & Overcoming
02:33:00 Over-Thinking, Procrastination, Choices
02:42:20 Aggressive, Pleasure & Generative Drives, Envy
02:49:46 Envy, Destruction, Mass Shootings
02:55:38 Demoralization, Isolation, Low Aggressive Drive
03:02:50 Demoralization, Affiliate Defense 
03:09:32 Strong Aggressive Drive, Competition, Generative Drive Reframing 
03:20:02 Cultivating a Generative Drive, Spirited Inquiry of the ???Cupboards???
03:26:06 Current Mental Health Care & Medications
03:35:33 Role of Medicine in Exploration
03:40:41 Zero-Cost Support, YouTube Feedback, Spotify & Apple Reviews, Sponsors, Social Media, Momentous, Neural Network Newsletter

#HubermanLab #Science #MentalHealth

Disclaimer: https://hubermanlab.com/disclaimer",https://www.youtube.com/watch?v=tLRCS48Ens4,The psychological structural explanation here is exactly what I needed to hear.,The paradigm shift offered in this piece of content is profound.,My biggest issue is trying to break this cycle without feeling completely trapped.,An intense but deeply necessary conversation regarding our daily core habits.,I never looked at the macro trends of mental health from this direct viewpoint.,Visual Hook,Peak Hours (5PM-9PM),#hubermanlab,78020,63.3,95,Emerging (Pre-Mainstream)
Mental Health,Video,231474,26218,7248817,15506,13498,436,"10 Mental Illness Signs You Should Not Ignore | Mental illness, also known as mental health disorders, refers to a wide range of mental health problems that affect your mood, thinking, and behavior for a sustained period of time. Depression, anxiety disorders, schizophrenia, eating disorders, and addictive behaviors are examples of mental illnesses that can have a long-lasting impact on you. Are you wondering if your mental health is deteriorating? Do you remember the last time you felt sad, anxious, or scared that you were somehow ???off????  

As a disclaimer, do not use this video to self diagnose. These are more like warning signs that you should not ignore. Use them as a guide when talking to a professional when explaining how you are feeling. 

#mentalhealth #psych2go #mentalillness 

Related Videos: 
10 Common Mental Illnesses Crash Course
https://www.youtube.com/watch?v=IaSpas9hWNQ

7 Silent Facts About People Struggling With Their With Mental illness
https://www.youtube.com/watch?v=nG1VpuLFAjA

5 Signs Your Mental Health is Falling Apart
https://www.youtube.com/watch?v=2Aa-KTDTCEI&t=1s

Credits 
Writer: Spicevicious 
Script Editor: Kelly Soong 
VO: Amanda Silvera
Animator: Clarisse Lim Xingyi 
YouTube Manager: Cindy Cheong
Storyboarder: Yi Lin

Did you enjoy this animation? Would you like to see more? You can find more of Clarisse's work on our channel here: https://youtu.be/bny9YViO15o

References
American Academy of Pediatrics. (2020). ???Mood Disorders and ADHD.??? Healthy Children.org. Retrieved from https://www.healthychildren.org/English/health-issues/conditions/adhd/Pages/Mood-Disorders-ADHD.aspx

American Psychiatric Association. (2020). ???What Is Depression???? American Psychiatric Association. Retrieved from https://www.psychiatry.org/patients-families/depression/what-is-depression

Australian Government Department of Health. (2007). ???What is Mental Illness???? Australian Government Department of Health. Retrieved from 
https://www1.health.gov.au/internet/publications/publishing.nsf/Content/mental-pubs-w-whatmen-toc~mental-pubs-w-whatmen-what

Br??dvik L. (2018). Suicide Risk and Mental Disorders. International journal of environmental research and public health, 15(9), 2028. https://doi.org/10.3390/ijerph15092028

Harvard Medical School. (2020). ???Sleep and Mental Health.??? Harvard Health Publishing. Retrieved from https://www.health.harvard.edu/newsletter_article/sleep-and-mental-health

Healthline. (2020). ???Do I Have Anger Issues?  How to Identify and Treat an Angry Outlook.??? Healthline. Retrieved from https://www.healthline.com/health/anger-issues#causes

Kumari, R., Chaudhury, S., & Kumar, S. (2013). Dimensions of hallucinations and delusions in affective and nonaffective illnesses. ISRN psychiatry, 2013, 616304. https://doi.org/10.1155/2013/616304

Mental Health America. (2020). ???Mental Illness and the Family: Recognizing Warning Signs and How to Cope.??? Mental Health America. Retrieved from https://www.mhanational.org/recognizing-warning-signs

Mental Health Foundation. (2020). ???The Truth about Self-Harm.??? Mental Health Foundation. Retrieved from https://www.mentalhealth.org.uk/publications/truth-about-self-harm
MentalHelp.net. (2015). ???Recognizing Anger Signs.??? MentalHelp.net. Retrieved from https://www.mentalhelp.net/anger/recognizing-signs/

MentalHealth.gov. (2019). ???Mental Health and Substance Abuse Disorders.??? MentalHealth.gov. Retrieved from https://www.mentalhealth.gov/what-to-look-for/mental-health-substance-use-disorders

National Alliance for the Mentally Ill. (2020). ???Bipolar Disorder.??? National Alliance on Mental Illness. Retrieved from https://www.nami.org/learn-more/mental-health-conditions/bipolar-disorder

National Institute of Mental Health . (2020). ???Generalized Anxiety Disorder.??? National Institute of Mental Health. Retrieved from https://www.nimh.nih.gov/health/publications/generalized-anxiety-disorder-gad/index.shtml

National Alliance for the Mentally Ill. (2020). ???Psychosis.??? National Alliance on Mental Illness. Retrieved from https://www.nami.org/earlypsychosis

National Alliance for the Mentally Ill. (2020). ???10 Signs of Mental Illness??? National Alliance on Mental Illness. Retrieved from https://www.nami.org/learn-more/know-the-warning-signs

National Institute of Mental Health . (2020). ???Depression in Women: 5 Things You Should Know.??? National Institute of Mental Health. Retrieved from https://www.nimh.nih.gov/health/publications/depression-in-women/index.shtml

Raymond H. Starr, Howard Dubowitz, Chapter 41 - SOCIAL WITHDRAWAL AND ISOLATION, Editor(s): William B. Carey, Allen C. Crocker, William L. Coleman, Ellen Roy Elias, Heidi M. Feldman,

Developmental-Behavioral Pediatrics (Fourth Edition), W.B. Saunders,
2009, Pages 397-406, ISBN 9781416033707, https://doi.org/10.1016/B978-1-4160-3370-7.00041-9. (http://www.sciencedirect.com/science/article/pii/B9781416033707000419)

Trampe, D., Quoidbach, J., & Taquet, M. (2015). Emotions in Everyday Life. PloS one, 10(12), e0145450. https://doi.org/10.1371/journal.pone.0145450",https://www.youtube.com/watch?v=9B-wTp2PZH8,I highly appreciate the clean academic framing of these societal problems.,An intense but deeply necessary conversation regarding our daily core habits.,I never looked at the macro trends of mental health from this direct viewpoint.,This is highly relatable analysis. The segment on behavioral patterns is perfect.,My biggest issue is trying to break this cycle without feeling completely trapped.,Visual Hook,Off-Peak Hours (9AM-1PM),#mentalhealth,56086,55.93,93,Emerging (Pre-Mainstream)
Mental Health,Video,55195,3614,2213612,3301,2559,1030,"Psychologists Debunk 25 Mental-Health Myths | Business Insider asked three clinical psychologists to debunk 25 of the most common myths about mental health and therapy. They explain that schizophrenia is not about having multiple personalities and that obsessive-compulsive disorder is not just about being neat. They also delve into therapy ??? explaining that it???s not like having a paid friend and that it doesn???t last forever.

0:00 Intro
0:27 People with schizophrenia have multiple personalities 
0:47 All ???neat freaks??? have OCD
1:23 Bipolar disorder is just mood swings
1:51 Anxiety is just getting stressed out 
2:48 Being depressed is the same as being sad
3:27 Depression is not a real illness 
4:12 Talking about depression just makes it worse
4:57 Depression is always tied to one event 
5:22 Only women get depressed
5:53 Antidepressants and mood stabilizers change your personality 
6:32 Antidepressants always cure depression
6:55 Bad parenting causes mental illness 
7:27 Being gay or transgender is a mental illness 
8:31 Gun violence in the US is a mental-health issue 
9:06 All people exposed to trauma will have PTSD 
10:01 Everyone who experiences loss is devastated
10:49 There are five stages of loss
11:31 Myers-Briggs personality tests are reliable 
12:24 Therapy is about dredging up the past 
13:20 Therapy is like having a paid friend 
13:48 Therapy is for the weak
14:07 Therapists force you to discuss devastating events
14:59 Therapists encourage you to take medication 
15:45 Therapy is for life 
16:33 Only wealthy people can afford helpful therapy

MORE MYTHS DEBUNKED CONTENT:
Dietitians Debunk 18 Weight Loss Myths
https://www.youtube.com/watch?v=F94IY408Q4E
OB-GYNs Debunk 25 Pregnancy Myths
https://www.youtube.com/watch?v=Vm_zY2IC78c
Fitness Experts Debunk 17 Exercise Myths
https://www.youtube.com/watch?v=IW9hz1kZP2I

------------------------------------------------------

#Psychology #MentalHealth #ScienceInsider

Science Insider tells you all you need to know about science: space, medicine, biotech, physiology, and more. 

Visit us at: https://www.businessinsider.com
Science Insider on Facebook: https://www.facebook.com/BusinessInsiderScience/
Science Insider on Instagram: https://www.instagram.com/science_insider/
Business Insider on Twitter: https://twitter.com/businessinsider
Tech Insider on Twitter: https://twitter.com/techinsider
Business Insider/Tech Insider on Amazon Prime: http://read.bi/PrimeVideo

------------------------------------------------------
Psychologists Debunk 25 Mental Health Myths",https://www.youtube.com/watch?v=Ii5m8Ta1iBY,That specific point about where we go wrong was a massive wake-up call for me.,The psychological structural explanation here is exactly what I needed to hear.,An intense but deeply necessary conversation regarding our daily core habits.,The paradigm shift offered in this piece of content is profound.,I never looked at the macro trends of mental health from this direct viewpoint.,Visual Hook,Peak Hours (5PM-9PM),#psychology,7465,48.3,74,Emerging (Pre-Mainstream)
Mental Health,Short,71780,1179,1569303,3765,417,23,"Signs To Seek Help With Your Mental Health - Dr Julie #shorts | Subscribe to me @Dr Julie  for more videos on mental health and psychology. #mentalhealth #mentalhealthawareness #shorts

????Links below for my new No.1 bestselling book - Why has nobody told me this before?

Amazon UK - https://amzn.to/33DZFgO 
Audiobook UK - https://amzn.to/33cmsQA
Amazon USA - https://amzn.to/3qbo4Dp
Audiobook USA - https://amzn.to/3smyC2D
Other links - https://linktr.ee/drjuliesmith

Feel free to hit that SUBSCRIBE button for more videos! 


???? Instagram - https://instagram.com/drjulie
???? TikTok - https://www.tiktok.com/@drjuliesmith
????????????? Facebook - https://www.facebook.com/DrJulieSmith
???? Twitter - https://twitter.com/Dr_Julie_Smith
??????? Website - www.doctorjuliesmith.com

???? My No.1 Bestselling New Book Is Out Now ???? https://linktr.ee/drjuliesmith

WHO AM I:
I'm a clinical psychologist. I am here to share insights from therapy and psychology research so that you can make use of it in your daily life to understand how your mind works and optimise your own mental health. I cover all things from confidence and motivation to mood and anxiety. I look forward to chatting with you in the comments.",https://www.youtube.com/watch?v=W4cLDgjGRJA,i feel so targeted right now lowkey,saving this immediately,never thought about my mental health habits like this before,im literally trapped in this toxic cycle help,this short just exposed my whole life structure,Text Hook,Off-Peak Hours (9AM-1PM),#shorts,83586,19.16,35,Mainstream / Saturated
Mental Health,Short,73845,1142,1502462,3863,426,25,"?????? 4 Signs Of Burnout ???? - Dr Julie #shorts | Subscribe to me @Dr Julie  for more videos on mental health and psychology. #mentalhealth #stress #shorts

????Links below for my new No.1 bestselling book - Why has nobody told me this before?

Amazon UK - https://amzn.to/33DZFgO 
Audiobook UK - https://amzn.to/33cmsQA
Amazon USA - https://amzn.to/3qbo4Dp
Audiobook USA - https://amzn.to/3smyC2D
Other links - https://linktr.ee/drjuliesmith

Feel free to hit that SUBSCRIBE button for more videos! 


???? Instagram - https://instagram.com/drjulie
???? TikTok - https://www.tiktok.com/@drjuliesmith
????????????? Facebook - https://www.facebook.com/DrJulieSmith
???? Twitter - https://twitter.com/Dr_Julie_Smith
??????? Website - www.doctorjuliesmith.com

???? My No.1 Bestselling New Book Is Out Now ???? https://linktr.ee/drjuliesmith

WHO AM I:
I'm a clinical psychologist. I am here to share insights from therapy and psychology research so that you can make use of it in your daily life to understand how your mind works and optimise your own mental health. I cover all things from confidence and motivation to mood and anxiety. I look forward to chatting with you in the comments.",https://www.youtube.com/watch?v=bcqKV9Wh3t8,i always fall into this exact trap whyyy,brb crying in the club,never thought about my mental health habits like this before,i feel so targeted right now lowkey,this short just exposed my whole life structure,Text Hook,Peak Hours (5PM-9PM),#shorts,38394,20.36,39,Mainstream / Saturated
Mental Health,Short,341055,9407,5944724,18463,2175,34,#pov a teenager living with a mental health disorder??? #fyp #shorts #tiktok | ,https://www.youtube.com/watch?v=1Apzbky5wug,never thought about my mental health habits like this before,saving this immediately,bro this hits way too close to home ??,my daily struggle summarized in 30 seconds lol,this short just exposed my whole life structure,Text Hook,Off-Peak Hours (9AM-1PM),#pov,45331,7.43,25,Mainstream / Saturated
Mental Health,Short,225053,5019,4204227,12005,1376,37,"?????? Signs Your Mental Health Needs Attention ???? Dr. Julie #shorts | Feel free to hit that SUBSCRIBE button for more #mentalhealth #shorts #mentalhealthawareness videos! 

???? Pre-order My New Book ????
Amazon UK - https://amzn.to/33DZFgO 
Audiobook UK - https://amzn.to/33cmsQA
Amazon USA - https://amzn.to/3qbo4Dp
Audiobook USA - https://amzn.to/3smyC2D

??????? Website - www.doctorjuliesmith.com
???? Instagram - https://instagram.com/drjulie
????????????? Facebook - https://www.facebook.com/DrJulieSmith
???? Twitter - https://twitter.com/Dr_Julie_Smith
???? TikTok - https://www.tiktok.com/@drjuliesmith?

WHO AM I:
I'm a clinical psychologist. I am here to share insights from therapy and psychology research so that you can make use of it in your daily life to understand how your mind works and optimise your own mental health. I cover all things from confidence and motivation to mood and anxiety. I look forward to chatting with you in the comments. 

Not Therapy No Advice Via DM",https://www.youtube.com/watch?v=yAMfylWf31o,this short just exposed my whole life structure,the anxiety this just gave me...,never thought about my mental health habits like this before,brb crying in the club,bro this hits way too close to home ??,Text Hook,Peak Hours (5PM-9PM),#shorts,61463,47.64,86,Emerging (Pre-Mainstream)
Mental Health,Short,919463,28956,22235322,50316,6045,54,The truth about men???s mental health???#shorts | ,https://www.youtube.com/watch?v=RC1919tTab0,"felt this in my soul omg, thank you",saving this immediately,never thought about my mental health habits like this before,this is my exact problem fr,this short just exposed my whole life structure,Text Hook,Off-Peak Hours (9AM-1PM),#shorts,17223,11.65,25,Mainstream / Saturated
Dating Advice,Short,249,34,10715,17,2,56,How to find love after 50 #datinginyour50s #datingadvice #matchmaker #boston | ,https://www.youtube.com/watch?v=ZpohYclFiQQ,"felt this in my soul omg, thank you",this short just exposed my whole life structure,this is my exact problem fr,why is this so accurate though,never thought about my dating advice habits like this before,Text Hook,Peak Hours (5PM-9PM),#datinginyour50s,42290,31.36,62,Rising Trend
Dating Advice,Video,1945,443,49926,163,169,731,"Incredible Dating Tips For Men Over 50 Looking For Love! | WakeUP2Luv Program Info: https://members.wingmam.com/get-women/ Amazing Dating Advice for SINGLE MEN OVER 50!... In this dating advice, I will help you build confidence, navigate modern dating platforms, and find meaningful relationships when dating after the age of 50. Single men over 50 can embrace their life experiences and maintain a positive outlook by staying open to new possibilities. Pay attention to this dating advice and watch to the end to learn more about the dos and don'ts of dating after 50. 

The best dating advice for single men over 50 is to always be clear and communicate your intentions from the beginning. Being open to new experiences and ensuring you have healed from your past experiences is crucial if you are a single man over 50 interested in dating. Embrace this dating advice for men over 50 to learn more about how to date after 50.

There are many avenues to explore if you are a single man over 50 interested in dating, such as joining local clubs, participating in community activities, and utilizing online dating platforms designed for mature singles. This dating advice for single men over 50 will help you confidently navigate the dating scene at any age and have better dating experiences. If you are a single man over 50 or younger, take that first step, get out there, embrace the exciting journey of finding love, and ensure you leave them wanting more.

As your wingmam, your female wingman, and a dating coach for men, I want to make dating easier for you. I hope and pray that you find this dating advice for men video helpful and that you will be able to leave women wanting more no matter what age you are.

If you are asking any of the following questions or searching for:
- Dating advice for single men over 50
- Single men over 50
- Dating advice for men over 50
- Men over 50
- Advice for men over 50
and more, well, I believe this dating advice for men video will give you the clarity you need.

=============================================== 

I hope you enjoyed my video, ""Amazing Dating Advice for SINGLE MEN OVER 50!""

Watch this dating advice video next, ""How to Date When You're Over 50 (Dating Tips & Where to Meet Women)"" ???? https://www.youtube.com/watch?v=i89gDuWva60&list=PLQ8Q-8-X18dnLFUxjSb09iUfozc8y-fpT

=============================================== 

Personal Coaching: https://members.wingmam.com/meetmorewomen/

WakeUP2Luv GET AN AMAZING GIRLFRIEND! (""Life-changing!"" ~ Steve B. ""Soon after finishing the program I got a girlfriend."" ~ https://members.wingmam.com/get-women/ 
============================================== 

DISCLAIMER: Anna is not a psychologist, licensed therapist/counselor, medical advisor, or lawyer. The videos are opinions only, not advice. Therefore, you are responsible for your actions and the results thereof. Obey the law. If you have mental health issues or are considering harming yourself or others, seek appropriate help immediately. 

===============================================

You may also like: courtenay ryan, joyanima, emilywking, sadia psychology (sadia kahn), dr. orion taraban

===============================================

#DatingAdvice #DatingAdviceForSingleMen #AdviceForSingleMen #DatingAdviceForMenOver50 #OnlineDating #DatingAdvice #RelationshipCoach #AdviceForSingleMenOver50 #LifeCoach #Wingmam",https://www.youtube.com/watch?v=R0F3I5ryW34,An intense but deeply necessary conversation regarding our daily core habits.,The paradigm shift offered in this piece of content is profound.,This completely validates the underlying emotional layer I've been feeling.,I never looked at the macro trends of dating advice from this direct viewpoint.,"Honestly, I trace my habits back to this exact loop and it is a painful struggle.",Visual Hook,Off-Peak Hours (9AM-1PM),#datingadvice,68421,17.1,32,Mainstream / Saturated
Dating Advice,Video,4550,222,154567,260,192,2570,"Christian Dating Advice: What to Look for in a Spouse | Biblical Relationship Guide | Want to know who you should date as a Christian? In this honest conversation, Pastor Jonny Ardavanis and Brandon Wolf break down what the Bible says about dating, relationships, and finding the right spouse. Learn why ""finding the one"" might be the wrong approach, and discover the two key qualities to look for: character and chemistry.

Key topics covered:
- The difference between worldly and biblical dating
- Why loving God should be the #1 priority in a potential spouse
- How to evaluate someone's spiritual maturity
- The importance of work ethic in relationships
- Practical wisdom for Christian singles

Whether you're single, dating, or preparing for marriage, this Biblical guidance will help you make wise relationship decisions. Perfect for young adults, college students, and anyone seeking God-honoring relationships.

Featuring Brandon Wolf, Young Adult Ministry Leader at Stonebridge Bible Church

???? Part of the Dial In Ministries Podcast

Buy Jonny???s book on anxiety and the charcater of God here:

https://amzn.to/412FSle


#ChristianDating #BiblicalRelationships #ChristianSingles #DatingAdvice #ChristianMarriage",https://www.youtube.com/watch?v=TGbzuD52vX8,An intense but deeply necessary conversation regarding our daily core habits.,Definitely bookmarking this video to take deeper notes later.,This perfectly highlights why long-term anxiety manifests in daily routines.,I never looked at the macro trends of dating advice from this direct viewpoint.,I feel incredibly seen after listening to the breakdown in {context}.,Text Hook,Peak Hours (5PM-9PM),#1,66020,58.75,97,Emerging (Pre-Mainstream)
Dating Advice,Video,20614,1275,1160548,1221,937,380,"He's Moving Slow? 5 Signs He's into You | Dating Advice for Women by Mat Boggs | Mat Boggs shares dating advice for women and 5 signs he's into you, even if he's moving slow. 

FREE Self-Love Activation Kit download: 
https://www.bravethinkinginstitute.com/love-relationships/resources/bf/mag/self-love-activation-kit

Get More Great Tips - SUBSCRIBE! https://www.youtube.com/channel/UCSNdh3JaCS6OqNyJqUWIs2w?sub_confirmation=1

This week, I'm sharing the 5 signs that prove he???s definitely into you! So if you???ve got doubt creeping in your mind as to whether he likes you, watch this to feel at ease to discover WHY he???s taking it slow, and how to be SURE he still likes you.

GET DATING AND RELATIONSHIP COACHING FROM MAT! 
https://www.bravethinkinginstitute.com/love-relationships/resources/mym/offer/strategy-session/lv-tva?div=lr&utm_source=YouTube&utm_medium=Social&utm_campaign=MYM_EVG&utm_content=moving_slow_5_signs&utm_term=D_2021_06_19&link=description

VIDEOS ABOUT COMMUNICATION WITH MEN (Communication Advice)

3 Things You Can Say To Make Him Feel Like a Man
https://www.youtube.com/watch?v=3IL74Ief4gI&index=1&list=PLkSA6lK4Izk0iS-2xcDdGF-yfVwSOwzaw

5 Things Never to Say When Fighting (How To Communicate)
https://www.youtube.com/watch?v=t2bZTePuHb0&list=PLkSA6lK4Izk0iS-2xcDdGF-yfVwSOwzaw&index=4

What to Say When a ""Vanisher"" Comes Back
https://www.youtube.com/watch?v=0YZa9BHm1ik&list=PLkSA6lK4Izk0iS-2xcDdGF-yfVwSOwzaw&index=3

VIDEOS ABOUT DATING ADVICE 

7 (FALSE!) Reasons You're Still Single
https://www.youtube.com/watch?v=paYWhbpFsMI&list=PLkSA6lK4Izk3Auvwvbt0HCLYA0qtQJYY-&index=1

Funny First Date Story! Gotta hear this?
https://www.youtube.com/watch?v=c-yIj_K4_nA&list=PLkSA6lK4Izk3Auvwvbt0HCLYA0qtQJYY-&index=3

What NOT to do on a First Date (Strange But True)
https://www.youtube.com/watch?v=B6Mq5nDtY54&list=PLkSA6lK4Izk3Auvwvbt0HCLYA0qtQJYY-&index=4

VIDEOS ABOUT UNDERSTANDING MEN

Why he acts interested, then disappears? (The inside answer most don't know)
https://www.youtube.com/watch?v=qdFJn4ID-2U&list=PLkSA6lK4Izk21aonkD71xIGH9S4CdHQlO&index=1

Scared of getting hurt again? Use this mindset:
https://www.youtube.com/watch?v=VtR9FVB8kVE&index=3&list=PLkSA6lK4Izk21aonkD71xIGH9S4CdHQlO

When Should You Sleep With Him?
https://www.youtube.com/watch?v=NJd47AOniW0&index=5&list=PLkSA6lK4Izk21aonkD71xIGH9S4CdHQlO

VIDEOS ABOUT WHAT MEN WANT / HOW TO TELL IF HE LIKES YOU
The Kind of Confidence Men Find Sexy
https://www.youtube.com/watch?v=GsJaLv-ogxk&index=1&list=PLkSA6lK4Izk15QjTyQ-YjbYQFjdVRdgbA

5 Unusual Signs Your Man is into You!
https://www.youtube.com/watch?v=ck7KDACP7z0&index=3&list=PLkSA6lK4Izk15QjTyQ-YjbYQFjdVRdgbA

How to tell if he is emotionally available
https://www.youtube.com/watch?v=OGWphEBWUYY&index=4&list=PLkSA6lK4Izk15QjTyQ-YjbYQFjdVRdgbA

VIDEOS ABOUT CONFIDENCE AND SELF-WORTH

3 Affirmations to Attract Love
https://www.youtube.com/watch?v=2bS2y1vXiyU&list=PLkSA6lK4Izk0JwZCDErrfE7PzCi15fJ93&index=1

3 Ways to Create More Self-Love
https://www.youtube.com/watch?v=8PWUgoSI3WY&list=PLkSA6lK4Izk0JwZCDErrfE7PzCi15fJ93&index=2

Uncool is the New Cool (5 ""Uncool"" Things I Do)
https://www.youtube.com/watch?v=IFFiwn3gQnU&list=PLkSA6lK4Izk0JwZCDErrfE7PzCi15fJ93&index=4

_________________

LET???S STAY CONNECTED!
https://www.facebook.com/matboggsfan
https://twitter.com/mathewboggs
http://www.crackingthemancode.com
http://projecteverlasting.com/

Mat Boggs Bio:

As a sought-after dating and relationship coach for women and international speaker, Mat Boggs has helped thousands of women understand men, improve their relationships, and attract the relationship they want.

As the best-selling author of Project Everlasting, and creator of Cracking The Man Code, Mat Boggs? dating and relationship advice has been featured on national media including The Today Show, CNN, Headline News, Oprah and Friends, and many more.

Mat's Mission: To increase love in the world, one heart at a time.

As a dating coach for women, Mat believes that your history does not determine your destiny, and that you are more powerful than any circumstance you are facing.  The relationship dream in your heart really can become the life you love living!

Mat Boggs highly acclaimed relationship programs have served women around the world in all age groups.

If you???re interested in receiving help attracting love or improving your relationship click here: http://www.crackingthemancode.com/coaching/ 

Directed and Editing By: Luke Dejoras
Written By: Mathew Boggs

Related Topics:
Dating Advice For Women 
Relationship Advice For Women
Relationship Coach For Women
Dating Coach For Women
Dating, Relationships, understanding men, Dating Advice, Love Advice Relationship Advice, How Men Think, What Men Want, What attracts men, How to attract a man, how to create lasting love, how to know if he likes you, signs your man likes you.

#DatingAdvice #MatBoggs #RelationshipAdvice",https://www.youtube.com/watch?v=nNkD66mOd4k,That specific point about where we go wrong was a massive wake-up call for me.,The paradigm shift offered in this piece of content is profound.,Thank you for sharing this perspective with so much clarity and depth.,An intense but deeply necessary conversation regarding our daily core habits.,I never looked at the macro trends of dating advice from this direct viewpoint.,Visual Hook,Off-Peak Hours (9AM-1PM),#datingadvice,1969,33.52,63,Rising Trend
Dating Advice,Video,339046,10309,6660527,18498,12748,304,"The Only Dating Advice You'll Ever Need! | Do you have trouble in the dating world? Do you just wish you could find your perfect someone without all the complications of dating? Well??? good luck with that! ??? Just kidding. The dating scene can become frustrating for all of us who???ve had our fair share of bad dates. So, maybe you just need a bit of advice to help you get the ball rolling again? We made this video to help you out! 

We also made a video about the green flags on dating that you should know: https://youtu.be/ojz5i4yI3xw 

Writer: Michal Mitchell 
Script Editor & Manager: Kelly Soong 
VO:  Amanda Silvera
Animator: Yussie Feng
YouTube Manager: Cindy Cheong    

References:
Long, J. (2013, May 13). 10 Dating Do's and Don'ts From 6 Therapists. Psychology Today. https://www.psychologytoday.com/us/blog/finding-cloud9/201305/10-dating-dos-and-donts-6-therapists. 
Manson, M. (2020, December 23). Every Successful Relationship Is Successful for the Same Exact Reasons. Mark Manson. https://markmanson.net/relationship-advice. 

Join this channel to get access to perks:
https://www.youtube.com/channel/UCkJEpR7JmS36tajD34Gp4VA/join

Would you like to animate for the team? Check out this: https://psych2go.net/interested-in-animating-for-pych2go-faq/

Interested in writing for psych2go? Check out: 
https://psych2go.net/script-writing-position-faqs/",https://www.youtube.com/watch?v=CYvjC94jDu4,An intense but deeply necessary conversation regarding our daily core habits.,I highly appreciate the clean academic framing of these societal problems.,I never looked at the macro trends of dating advice from this direct viewpoint.,This perfectly highlights why long-term anxiety manifests in daily routines.,Thank you for sharing this perspective with so much clarity and depth.,Text Hook,Peak Hours (5PM-9PM),#relatable,60935,38.8,73,Rising Trend
Dating Advice,Short,65652,20090,1853401,6296,1332,18,"THIS is What Makes Someone Value You | What makes someone value us is when they realise that being with us is not a given, but something they have to show up to deserve ?????? Do you agree? Tell me in the comments! 

#MatthewHussey #DatingAdvice #RelationshipAdvice #Shorts",https://www.youtube.com/watch?v=7XnT4l0msj4,this short just exposed my whole life structure,never thought about my dating advice habits like this before,this is my exact problem fr,saving this immediately,"so true, literally me every single day",Text Hook,Off-Peak Hours (9AM-1PM),#matthewhussey,64155,46.73,67,Emerging (Pre-Mainstream)
Dating Advice,Short,15217,196,145840,790,85,59,"The Only Relationship Advice You Need | Mel Robbins #Shorts | Order your copy of The Let Them Theory ???? https://melrob.co/let-them-theory ???? The #1 Best Selling Book of 2025 ???? Discover how much power you truly have. It all begins with two simple words. Let Them.
???

This is the ONLY relationship advice you need to create a fulfilling and happy life???

And before you waste another day of your life, you need to hear the 6?????? shocking statistics from a ten-year long study about what you???re doing with your time and who you should spend it with.

???? ???This One Study Will Change How You Think About Your Entire Life???

Watch the full episode from The Mel Robbins Podcast: https://youtu.be/ih3nIPvCjVI?si=3Y4H1j-ZwT6EOztY





Facebook: https://www.facebook.com/melrobbins
Website: http://melrobbins.com
???
Sign up for my newsletter written to YOU at: https://www.melrobbins.com/newsletter
???
Looking for my books on Amazon? Here they are!

High 5 Habit: https://amzn.to/3fMvfPQ
The 5 Second Rule: https://amzn.to/3372Rl9",https://www.youtube.com/watch?v=YZhr0FyiLIA,this is my exact problem fr,this short just exposed my whole life structure,never thought about my dating advice habits like this before,finally someone said it out loud!!,saving this immediately,Visual Hook,Peak Hours (5PM-9PM),#shorts,66125,13.36,28,Mainstream / Saturated
Dating Advice,Short,855414,5576,67103432,43607,4555,31,The truth about dating ???? #couple #couplegoals #husbandwife #comedy #wife #husband #relationship | ,https://www.youtube.com/watch?v=eYvSW9GZIMg,this short just exposed my whole life structure,saving this immediately,the anxiety this just gave me...,never thought about my dating advice habits like this before,"so true, literally me every single day",Text Hook,Off-Peak Hours (9AM-1PM),#couple,69169,41.27,74,Rising Trend
Dating Advice,Short,270410,2241,31706662,13856,1464,11,1 month of dating VS 1 year of dating ???????? #shortsvideo | ,https://www.youtube.com/watch?v=FzFXbLCWrJI,never thought about my dating advice habits like this before,this short just exposed my whole life structure,bro this hits way too close to home ??,i always fall into this exact trap whyyy,the ending caught me completely off guard,Text Hook,Peak Hours (5PM-9PM),#shortsvideo,6511,37.39,62,Rising Trend
Dating Advice,Short,45058,453,869490,2320,247,51,Things you NEED TO KNOW before your 1st relationship ???? #shorts #advice #dating | ,https://www.youtube.com/watch?v=Hi5oc9BEhtc,never thought about my dating advice habits like this before,the anxiety this just gave me...,this short just exposed my whole life structure,finally someone said it out loud!!,the ending caught me completely off guard,Text Hook,Off-Peak Hours (9AM-1PM),#shorts,84304,17.18,33,Mainstream / Saturated
Food ,Video,37298,1017,1664641,2017,1373,785,"5 Easy Dinners You Can Make in 30 Minutes or Less (Garlic Butter Chicken Bites & More) | Allrecipes | Looking for quick and delicious dinners that come together in just 30 minutes? In this video, Nicole is sharing five easy recipes that are perfect for busy weeknights! From crispy, cheesy chicken patties to flavor-packed one-pot beef ramen, these meals are simple, satisfying, and sure to become family favorites.

Timecodes:
0:00 - Introduction
0:14 - Crispy Cheesy Chicken Patties
2:32 - Taco Stuffed Potatoes
4:18 - Bang Bang Salmon
6:33 - Garlic Butter Chicken Bites
10:18 - One Pot Beef Ramen

These recipes are quick to make but packed with flavor???perfect for when you need dinner on the table fast! Don???t forget to subscribe for more easy and delicious meal ideas.

Get the recipes here: 

Crispy Cheesy Chicken Patties: https://www.allrecipes.com/crispy-cheesy-chicken-ranch-patties-recipe-8678264
Taco Stuffed Potatoes: https://www.allrecipes.com/rotel-tacos-recipe-7853525
Bang Bang Salmon: https://www.allrecipes.com/recipe/8340433/air-fried-bang-bang-salmon/
Garlic Butter Chicken Bites: https://www.allrecipes.com/garlic-butter-chicken-bites-recipe-8694278
One Pot Beef Ramen: https://www.allrecipes.com/one-pot-beef-ramen-noodles-recipe-8703840
_________
Allrecipes Magazine is now available!
U.S. subscribers, subscribe here: http://armagazine.com/subscribenow
Canadian subscribers, subscribe here: http://themeredithstore.ca/p-282-allrecipes-subscription.aspx
Facebook: http://www.facebook.com/Allrecipes
Instagram: https://www.instagram.com/allrecipes/
Pinterest: https://www.pinterest.com/allrecipes/
TikTok: https://www.tiktok.com/@allrecipes",https://www.youtube.com/watch?v=OTAwvdRJn6M,I never looked at the macro trends of food from this direct viewpoint.,An intense but deeply necessary conversation regarding our daily core habits.,This perfectly highlights why long-term anxiety manifests in daily routines.,Thank you for sharing this perspective with so much clarity and depth.,The paradigm shift offered in this piece of content is profound.,Visual Hook,Peak Hours (5PM-9PM),#relatable,54907,61.57,83,Emerging (Pre-Mainstream)
Food ,Video,21315,669,811086,1166,806,4278,"1 Hour of Comfort Food Recipes | Allrecipes | Nothing says comfort food quite like the recipes in this collection! Join Nicole as she shares over an hour of cozy, nostalgic dishes that have stood the test of time. From hearty casseroles and budget-friendly Depression-era favorites to potluck classics, comforting desserts, and Sunday dinner staples, these recipes are packed with the flavors of home.

You'll learn how to make everything from homemade Hamburger Helper, French bread pizza, and chicken and rice casserole to Salisbury steak, pot roast with gravy, creamy mashed potatoes, and classic side dishes. Plus, discover old-fashioned favorites like Water Pie, Wacky Cake, Strawberry Pretzel Salad, Cookie Salad, and Jello with Cool Whip. Whether you're craving a comforting family meal, looking for affordable recipe inspiration, or simply want to revisit beloved classics, this roundup is full of recipes that bring warmth and nostalgia to the table.

Timestamps:
0:00 ??? 1 Hour of Comfort Food Recipes
0:08 ??? Beefy Noodle Hamburger Helper
4:22 ??? French Bread Pizza
8:23 ??? Mamaw's Chicken & Rice Casserole
11:21 ??? Monkey Bread
14:56 ??? Salisbury Steak
19:18 ??? Hoover Stew
22:05 ??? Poor Man???s Meal
25:04 ??? Egg Drop Soup
27:04 ??? Stuffed Potato Pancakes
29:44 ??? Eggs with Peppers and Potatoes
32:14 ??? Cabbage and Noodles
35:00 ??? Creamed Chipped Beef
38:16 ??? Water Pie
39:49 ??? Wacky Cake
43:23 ??? Fritos Corn Salad
44:39 ??? Strawberry Pretzel Salad
48:40 ??? Deviled Egg Macaroni Salad
51:45 ??? Cookie Salad
54:07 ??? Celery and Parmesan Salad
57:37 ??? Pot Roast & Gravy
1:02:10 ??? Mashed Potatoes
1:04:29 ??? Grandma Mac???s Green Beans
1:06:23 ??? Classic Salad
1:07:54 ??? Chocolate Cream Pie
1:10:43 ??? Jello & Cool Whip

Get the recipes here:
Beefy Noodle Hamburger Helper: https://www.allrecipes.com/homemade-hamburger-helper-recipe-8550449
French Bread Pizza: https://www.allrecipes.com/french-bread-pizza-recipe-7971911
Mamaw's Chicken & Rice Casserole: https://www.allrecipes.com/recipe/233983/mamaws-chicken-and-rice-casserole/
Monkey Bread: https://www.allrecipes.com/recipe/6815/monkey-bread-i/
Salisbury Steak: https://www.allrecipes.com/recipe/229566/salisbury-steak-with-mushrooms/
Poor Man???s Meal: https://www.youtube.com/watch?v=3OPQqH3YlHA
Egg Drop Soup: https://www.allrecipes.com/recipe/173738/easy-egg-drop-soup/
Stuffed Potato Pancakes: https://www.allrecipes.com/recipe/206817/delicious-stuffed-potato-pancakes/
Cabbage and Noodles: https://www.allrecipes.com/recipe/220716/haluski-cabbage-and-noodles/
Creamed Chipped Beef: https://www.allrecipes.com/recipe/20225/creamed-chipped-beef-on-toast/
Water Pie: https://www.allrecipes.com/article/what-is-water-pie/
Wacky Cake: https://www.allrecipes.com/wacky-cake-recipe-11687015
Fritos Corn Salad: https://www.allrecipes.com/easy-frito-corn-salad-recipe-11694378
Strawberry Pretzel Salad: https://www.allrecipes.com/recipe/20338/strawberry-pretzel-salad/
Deviled Egg Macaroni Salad: https://www.allrecipes.com/deviled-egg-macaroni-salad-recipe-11708304
Cookie Salad: https://www.allrecipes.com/recipe/18486/cookie-salad-i/
Celery and Parmesan Salad: https://www.allrecipes.com/celery-parmesan-date-salad-recipe-11708523
Pot Roast & Gravy: https://www.allrecipes.com/recipe/230586/roast-with-gravy/
Mashed Potatoes (Note: double the recipe and leave out garlic): https://www.allrecipes.com/recipe/24771/basic-mashed-potatoes/
Grandma Mac???s Green Beans: https://www.allrecipes.com/recipe/275309/grandma-macs-green-beans/
Classic Salad: https://www.allrecipes.com/recipe/18542/thousand-island-dressing-ii/
Chocolate Cream Pie: https://www.allrecipes.com/recipe/15756/chocolate-cream-pie-ii/


_________
Allrecipes Magazine is now available!
U.S. subscribers, subscribe here: http://armagazine.com/subscribenow
Canadian subscribers, subscribe here: http://themeredithstore.ca/p-282-allrecipes-subscription.aspx
Facebook: http://www.facebook.com/Allrecipes
Instagram: https://www.instagram.com/allrecipes/
Pinterest: https://www.pinterest.com/allrecipes/
TikTok: https://www.tiktok.com/@allrecipes",https://www.youtube.com/watch?v=G103kHh9mTk,This perfectly highlights why long-term anxiety manifests in daily routines.,I feel incredibly seen after listening to the breakdown in {context}.,An intense but deeply necessary conversation regarding our daily core habits.,I never looked at the macro trends of food from this direct viewpoint.,The paradigm shift offered in this piece of content is profound.,Visual Hook,Off-Peak Hours (9AM-1PM),#relatable,29893,40.93,62,Rising Trend
Food ,Short,63144,354,4794010,3210,333,12,"Cheesy Garlic Potato Bites Fried #recipe #easyrecipe #food | Ingredients:

2 potatoes
2 tbs butter
1/3 cup Parmesan cheese
3/4 tsp salt
1/2 tsp garlic powder
1 tsp parsley
2 tbs cornstarch
1 egg
Mozzarella cheese, cubed
Oil for frying

Directions:

1. Peel and slice potatoes. Boil until tender (until a fork can easily pierce the surface)
2. Mash the potatoes and butter until smooth.
3. Add Parmesan, salt, garlic powder, parsley, corn starch, and egg to mashed potatoes and mix until combined.
4. Add a cheese cube to a small portion of potato mix and roll into a ball
5. Deep fry in 350?? oil until golden and crispy.",https://www.youtube.com/watch?v=J6kVBk7B0G0,this short just exposed my whole life structure,this is my exact problem fr,saving this immediately,"so true, literally me every single day",never thought about my food habits like this before,Visual Hook,Peak Hours (5PM-9PM),#recipe,73132,46.69,66,Emerging (Pre-Mainstream)
Food ,Short,449009,1246,12683074,22637,2307,33,A dinner that doesn???t require your entire spice cabinet | ,https://www.youtube.com/watch?v=kxWsu-UVP60,never thought about my food habits like this before,the anxiety this just gave me...,brb crying in the club,"felt this in my soul omg, thank you",this short just exposed my whole life structure,Text Hook,Off-Peak Hours (9AM-1PM),#relatable,26858,57.83,92,Emerging (Pre-Mainstream)
Food ,Video,28706,743,1136685,1546,1046,1104,"5 Easy Dinners You Can Cook in 30 Minutes | Allrecipes | Short on time but still want a satisfying, homemade dinner? In this video, Nicole shares five easy dinners you can cook in just 30 minutes???perfect for busy weeknights when you need something fast, comforting, and full of flavor. These recipes are designed to keep prep simple, cook times short, and cleanup minimal, without sacrificing that ???real dinner??? feeling.

Nicole starts with a creamy Chicken Pot Pasta that delivers all the cozy vibes of a pot pie in a quicker, weeknight-ready format. Next up is a Chicken Chip Bake, a Mexican-inspired dinner made with tortilla chips, pinto beans, and bold flavors that come together fast. For something crispy and craveable, she makes Air Fryer Bang Bang Salmon, finished with a sweet-spicy sauce that feels restaurant-worthy. Then it???s comfort food at its finest with Poor Man???s Steak, a budget-friendly classic made with tender pork chops. Nicole wraps things up with Cuban-Style Picadillo, a savory, slightly sweet ground-meat dish that???s packed with flavor and perfect for spooning over rice.

Whether you???re cooking for your family or just trying to get dinner on the table without stress, these quick and easy meals prove that great food doesn???t have to take all night.

Timestamps:
0:00 ??? 5 Easy 30-Minute Dinners
0:19 ??? Chicken Pot Pasta
3:56 ??? Chicken Chip Bake
7:00 ??? Air Fryer Bang Bang Salmon
9:22 ??? Poor Man???s Steak (with Pork Chops)
14:23 ??? Cuban-Style Picadillo

Get the recipes here:

Chicken Pot Pasta: https://www.allrecipes.com/chicken-pot-pasta-recipe-11887356
Chicken Chip Bake: https://www.allrecipes.com/chicken-chip-bake-recipe-11883909
Air Fryer Bang Bang Salmon: https://www.allrecipes.com/recipe/8340433/air-fried-bang-bang-salmon/
Poor Man???s Steak (with Pork Chops): https://www.allrecipes.com/pork-chop-steaks-recipe-11887332
Cuban-Style Picadillo: https://www.allrecipes.com/recipe/220164/classic-cuban-style-picadillo/
_________
Allrecipes Magazine is now available!
U.S. subscribers, subscribe here: http://armagazine.com/subscribenow
Canadian subscribers, subscribe here: http://themeredithstore.ca/p-282-allrecipes-subscription.aspx
Facebook: http://www.facebook.com/Allrecipes
Instagram: https://www.instagram.com/allrecipes/
Pinterest: https://www.pinterest.com/allrecipes/
TikTok: https://www.tiktok.com/@allrecipes",https://www.youtube.com/watch?v=06JDURvWPNI,I never looked at the macro trends of food from this direct viewpoint.,Definitely bookmarking this video to take deeper notes later.,An intense but deeply necessary conversation regarding our daily core habits.,This is highly relatable analysis. The segment on behavioral patterns is perfect.,This perfectly highlights why long-term anxiety manifests in daily routines.,Visual Hook,Peak Hours (5PM-9PM),#relatable,19631,42.46,75,Rising Trend
Food ,Short,2510474,9579,57479171,126960,13031,20,"would you eat this? #shorts | Gear I actually use:
https://www.amazon.com/shop/zachchoiasmr

Instagram @zachchoi  
TikTok @thezachchoi
Facebook: Zach Choi ASMR

#shorts #mukbang #asmr #eating #asmreating #shorts #mukbang #asmr #eating #asmreating  

Instagram @zachchoi  
TikTok @thezachchoi
Facebook: Zach Choi ASMR",https://www.youtube.com/watch?v=zPxQjuFoUBc,never thought about my food habits like this before,bro this hits way too close to home ??,i needed to hear this today,this is my exact problem fr,this short just exposed my whole life structure,Text Hook,Off-Peak Hours (9AM-1PM),#shorts,3947,22.74,56,Mainstream / Saturated
Food ,Short,623360,2742,12450255,31579,3253,25,Onion Pasta ???? #shorts #recipe | https://plantyou.com/one-pot-caramelized-onion-pasta/,https://www.youtube.com/watch?v=HduytF6T4e4,never thought about my food habits like this before,this is my exact problem fr,"felt this in my soul omg, thank you",why is this so accurate though,this short just exposed my whole life structure,Visual Hook,Peak Hours (5PM-9PM),#shorts,60350,11.33,30,Mainstream / Saturated
Food ,Short,209697,1361,6545501,10689,1116,36,My Kids Wanted Cheeseburgers #shorts #cooking #recipe | ,https://www.youtube.com/watch?v=DBmq18buMIo,this short just exposed my whole life structure,this is my exact problem fr,never thought about my food habits like this before,i feel so targeted right now lowkey,the ending caught me completely off guard,Visual Hook,Off-Peak Hours (9AM-1PM),#shorts,66925,32.39,54,Rising Trend
Food ,Short,66515,186,14882523,3353,341,10,Try Something NEW ???? Delicious Recipe ???? Simple and Easy Recipe #shorts#cooking | ,https://www.youtube.com/watch?v=907vZOyWTo8,never thought about my food habits like this before,i needed to hear this today,this short just exposed my whole life structure,bro this hits way too close to home ??,my daily struggle summarized in 30 seconds lol,Visual Hook,Peak Hours (5PM-9PM),#shorts,36973,18.11,33,Mainstream / Saturated
Food ,Short,98948,2088,7420172,5260,599,17,A chef taught me the recipe for these delicious chicken thighs. | A chef taught me the recipe for these delicious chicken thighs. #shorts,https://www.youtube.com/watch?v=dMKE6Cz6WcE,saving this immediately,"so true, literally me every single day",never thought about my food habits like this before,this short just exposed my whole life structure,my daily struggle summarized in 30 seconds lol,Visual Hook,Off-Peak Hours (9AM-1PM),#shorts,68635,29.99,61,Rising Trend
Music ,Video,59,3,25047,3,2,5224,"(Top 1 Viral) OPM Acoustic Love Songs 2026 Playlist ???? Best Of Wish 107.5 Song Playlist 2026 | (Top 1 Viral) OPM Acoustic Love Songs 2026 Playlist ???? Best Of Wish 107.5 Song Playlist 2026
?????????????????????????????????????????????????????????????????????????????????
????????????It has been proven that listening to relaxing music every day is good for health, the nervous system, improves mental health and reduces mental stress.????????????
????Enjoy a great melody to calm your mind after a busy day at work or end a long day with a good night's sleep. and recharge energies for a new day full of positive energy.
???? Our channel will upload and broadcast new videos and music every day with the best video quality.
???? With decades of experience in the music industry, ""OPM Wish 2025"" has collaborated with many of the most famous artists. Our team of experts curates mixes daily, curating the best artists from our catalog for everyone to enjoy.
???? Do not forget to subscribe and share with your friends if you find it useful, and also a motivation and help us to improve the quality of our products more and more. Thank !
?????????????????????????????????????????????????????????????????????????????????
???? Any act of copying or reproduction of this video/audio in whole or in part is strictly prohibited.
?????????????????????????????????????????????????????????????????????????????????
Audio/video reuse is not allowed. ??OPM Wish 2025",https://www.youtube.com/watch?v=mQwLauXpBAg,"Honestly, I trace my habits back to this exact loop and it is a painful struggle.",An intense but deeply necessary conversation regarding our daily core habits.,The psychological structural explanation here is exactly what I needed to hear.,I highly appreciate the clean academic framing of these societal problems.,I never looked at the macro trends of music from this direct viewpoint.,Text Hook,Peak Hours (5PM-9PM),#relatable,58086,58,79,Emerging (Pre-Mainstream)
Music ,Video,18553,1018,3962348,1080,811,4700,"Best Summer Songs 2026 ???? Summer Hits 2026 Playlist | Best Summer Songs 2026 ???? Summer Hits 2026 Playlist
???? Demos / Music Submissions: justchillinhits@gmail.com

Subscribe & Turn on the bell (????) to never miss a new video!
???? I hope you enjoyed my videos and don't forget to subscribe to my channel

No matter how your day is, you can always listen to good music. The playlist accompanies top summer hits right now. Stay in the loop on all the new catchy summer releases. Summer 2026 playlist, sommerhits 2026, summer hits 2026 playlist, zomerhits 2026, playlist 2026 summer, summer 2026 songs, summer hits, summer hits 2026 playlist, hits verao 2026, mix verano 2026.

#summer2026 #summerplaylist #justchillin",https://www.youtube.com/watch?v=97K9ByldojI,"Honestly, I trace my habits back to this exact loop and it is a painful struggle.",I highly appreciate the clean academic framing of these societal problems.,I never looked at the macro trends of music from this direct viewpoint.,An intense but deeply necessary conversation regarding our daily core habits.,The psychological structural explanation here is exactly what I needed to hear.,Text Hook,Off-Peak Hours (9AM-1PM),#summer2026,68003,24.46,54,Mainstream / Saturated
Music ,Video,5261,137,1506826,283,192,4018,"Country Summer Playlist 2026 ???????? 4th of July Songs Playlist ?????? Summer Country Songs Playlist 2026 | This is your official summer playlist 2026 ??? made for celebrating 4th of July, long drives, cold beers, lake days, bonfires, and fireworks. Whether you're throwing a backyard barbecue or just vibing solo, this country summer playlist / summer music playlist brings the heat with the best country songs of the year. The ultimate Summer Road Trip Playlist / Summer Roadtrip Playlist! The perfect 4th of July Playlist / July 4th Playlist for celebrating Independence Day 2026. Happy 4th of July! 

Celebrate with this hand-picked mix of 4th of July songs, country heartbreak, feel-good drinking tracks, and singalongs that everyone at the party will love. From the beach to the backroads, these are the summer songs you???ll have on repeat all season long. The perfect summer country music playlist / summer country songs playlist.

???? Fourth of July Playlist / Fourth of July Music Playlist / Fourth of July Songs Playlist is Perfect for:
??? 4th of July parties (perfect 4th of July Party Playlist)
??? Summer road trips
??? BBQ & cookouts (the BEST 4th of July BBQ playlist)
??? Late night hangs
??? Anyone who loves great country music

???? Featuring hits from:
??? Morgan Wallen (I Had Some Help, You Proof, Thought You Should Know)
??? Luke Combs, Lainey Wilson, Thomas Rhett, and more
??? ???Fast Car,??? ???Watermelon Moonshine,??? ???Pour Me A Drink,??? and other country summer playlist essentials

Full Track List with Timestamps -
00:00 I Had Some Help  
02:59 Fast Car  
07:28 Watermelon Moonshine  
11:07 More Than My Hometown  
14:40 Pour Me A Drink  
18:00 Up Down  
21:22 Dancin??? in the Country  
24:22 AA  
27:33 You Proof  
30:16 Like I Loved You  
33:42 Whiskey Glasses  
37:37 Die A Happy Man  
41:24 7 Summers  
44:53 I Hope  
48:24 I Remember Everything  
52:14 Thought You Should Know  More Country Music 2025

COPYRIGHT DISCLAIMER - All songs are original renditions of the hit songs you know and love which have been recreated and/or explicitly licensed by our team.

???? Like, comment your favorite track, and subscribe for more curated 4th of July playlists, summer playlists, and top country mixes.

Top Country Songs Playlist / Top 100 Country Songs Playlist - Summer Country Music Playlist / Summer Country Playlist 2026 - The ultimate 4th of July Country Songs Playlist / 4th of July Country Music playlist!

#4thOfJuly #SummerPlaylist #CountrySummer #4thOfJulyPlaylist #SummerSongs #SummerMusicPlaylist #CountryPlaylist #July4th",https://www.youtube.com/watch?v=e2BbRp0YBMA,I have been dealing with a major internal problem regarding this exact issue.,This completely validates the underlying emotional layer I've been feeling.,I never looked at the macro trends of music from this direct viewpoint.,An intense but deeply necessary conversation regarding our daily core habits.,This gave me genuine chills because it perfectly mirrors my own life trajectory.,Text Hook,Peak Hours (5PM-9PM),#4thofjuly,32751,12.33,35,Mainstream / Saturated
Music ,Video,34516,848,9793956,1853,1247,7737,"2000's music hits ~throwback playlist ~2000s vibes mix | Suggested for you: https://www.youtube.com/watch?v=v-7I5rsOPL8&list=PLS1Rbb3G8S1Y&index=1

you are on a roadtrip during 2000s summer night while listening to these nostalgic songs by Rihanna, Shakira, Miley Cyrus, Britney Spears, Beyonc??, Mary J. Blige, Nelly, Kelly Rowland and many more!

Listen on Spotify: https://sptlnk.com/2000s-music

Help me to get 400.000 subs: https://www.youtube.com/channel/UCBepjMYiqtq_u4ZFOEcEBzA?sub_confirmation=1",https://www.youtube.com/watch?v=mE_XjZz6fIg,An intense but deeply necessary conversation regarding our daily core habits.,"Honestly, I trace my habits back to this exact loop and it is a painful struggle.",The psychological structural explanation here is exactly what I needed to hear.,This popped up on my dashboard at the absolute perfect moment in my life.,I never looked at the macro trends of music from this direct viewpoint.,Visual Hook,Off-Peak Hours (9AM-1PM),#relatable,12594,26.38,59,Rising Trend
Music ,Video,4885,418,501795,306,251,5446,"The 100 Greatest 70s Billboard Hits Remixed | Best of 1970s Music (2025 Edition) | Get ready to turn up the volume! ???????? You have just found the ultimate mix: Top 100 Billboard Songs 1970s.

This video brings you the Most Popular Music of 1970s, reimagined and remixed for a brand new generation. Welcome to the 70s Music Hits (2025 Remix) special edition! ???????

Instead of just playing the old tracks, I have worked as a DJ to polish the sound, enhance the beats, and create a seamless flow that honors the original spirit while sounding crisp on modern speakers. This is the soundtrack of a decade that changed the world, now sounding better than ever. ????????

???? What makes this mix special?

The Chart-Toppers: Only the biggest hits that dominated the radio waves during the 70s.

2025 Fresh Sound: Remastered audio with a modern DJ touch for a dynamic listening experience.

Non-Stop Energy: Perfect background music for parties, road trips, or just dancing in your living room. ????????

Relive the golden days with a fresh vibe!

???? Support the Music: If you enjoy this modern take on classic hits, please hit the LIKE button and SUBSCRIBE to 70s Music Hits. Share this video with friends who love the 70s! ??????????

?????? Disclaimer: This is a transformative remix work created for entertainment and appreciation of classic music. All copyrights belong to the original owners.

#top100songs #billboardhits #70smusic #remix2025 #goldenera #djmix #70svibes #70ssongs",https://www.youtube.com/watch?v=OtNy5Jdinr4,I have been dealing with a major internal problem regarding this exact issue.,I never looked at the macro trends of music from this direct viewpoint.,An intense but deeply necessary conversation regarding our daily core habits.,I feel incredibly seen after listening to the breakdown in {context}.,This popped up on my dashboard at the absolute perfect moment in my life.,Text Hook,Peak Hours (5PM-9PM),#top100songs,70292,59.41,94,Emerging (Pre-Mainstream)
Music ,Short,505498,21194,33471421,28454,3587,30,all my songs in b!o ???? #original #independent #popmusic #reaction #newsong #singer #shorts #kids | ,https://www.youtube.com/watch?v=P3rD7pFIBDg,this short just exposed my whole life structure,i feel so targeted right now lowkey,the ending caught me completely off guard,the anxiety this just gave me...,never thought about my music habits like this before,Text Hook,Off-Peak Hours (9AM-1PM),#original,5090,21.33,40,Mainstream / Saturated
Music ,Short,41846,368,2918436,2147,227,11,"popular songs you should add to your playlist! (pt 2) #playlist #aesthetic #underratedsongs #fyp | ADD THESE SONGS TO YOUR PLAYLIST! If you like content like this, comment for more!!

https://youtube.com/shorts/waavwwvvP3M?feature=share",https://www.youtube.com/watch?v=B2fah3tgRJM,this short just exposed my whole life structure,my daily struggle summarized in 30 seconds lol,"so true, literally me every single day",i needed to hear this today,never thought about my music habits like this before,Text Hook,Peak Hours (5PM-9PM),#playlist,42806,43.86,67,Rising Trend
Music ,Short,118040,1278,22909907,6093,654,5,"Use headphones png for reels ???????????????? #shorts #viral #png | Use headphones png for reels ????????????????
 #shorts   #viral  #headphones 
 #png",https://www.youtube.com/watch?v=lxPAIaTR9TI,im literally trapped in this toxic cycle help,this short just exposed my whole life structure,never thought about my music habits like this before,bro this hits way too close to home ??,i needed to hear this today,Text Hook,Off-Peak Hours (9AM-1PM),#shorts,81238,5.03,28,Mainstream / Saturated
Music ,Short,195624,2103,35367955,10096,1083,8,#tiktok #explore #shorts #music #edit #trendingshorts | ,https://www.youtube.com/watch?v=WtTJrmE6I7M,this short just exposed my whole life structure,im literally trapped in this toxic cycle help,the ending caught me completely off guard,i feel so targeted right now lowkey,never thought about my music habits like this before,Text Hook,Peak Hours (5PM-9PM),#tiktok,11827,26.15,59,Rising Trend
Music ,Short,416593,1189,42227388,21008,2142,7,"STAY WITH ME ???????? #shorts #trending #tiktok #challenge #cute #music #soap | Subscribe to watch more
@TeamUnOfficialShorts 
@nataliereynoldz 

#TeamUnOfficialShorts #dance #vs #tiktok",https://www.youtube.com/watch?v=st3jg_1z0f8,"so true, literally me every single day",i needed to hear this today,never thought about my music habits like this before,my daily struggle summarized in 30 seconds lol,this short just exposed my whole life structure,Visual Hook,Off-Peak Hours (9AM-1PM),#shorts,9992,23.29,44,Mainstream / Saturated
Movies ,Video,48698,13238,875387,4420,4770,854,"The Odyssey - Movie Review | For 72 hours, 15% OFF all Hoverpens with code JAHNS, or click the link https://noviumdesign.shop/Jahns - Free shipping to most countries. Also on Amazon: https://noviumdesign.shop/oiYxFN.  Thanks to Novium for sponsoring this video! 

Christopher Nolan brings us a big screen adaptation of Homer's THE ODYSSEY! Is this another Nolan Banger? Here's my review.

#TheOdyssey #TheOdysseyMovie",https://www.youtube.com/watch?v=4EtIteqeySw,I highly appreciate the clean academic framing of these societal problems.,That specific point about where we go wrong was a massive wake-up call for me.,An intense but deeply necessary conversation regarding our daily core habits.,I never looked at the macro trends of movies from this direct viewpoint.,The psychological structural explanation here is exactly what I needed to hear.,Text Hook,Peak Hours (5PM-9PM),#theodyssey,75169,14.88,28,Mainstream / Saturated
Movies ,Video,15661,2864,395772,1212,1185,589,"The Odyssey - Movie Review | Chris Stuckmann reviews The Odyssey, starring Matt Damon, Tom Holland, Anne Hathaway, Robert Pattinson, Lupita Nyong'o, Zendaya, Charlize Theron, Elliot Page, Samantha Morton, Jon Bernthal, Himesh Patel, Mia Goth, Benny Safdie, Logan Marshall-Green, John Leguizamo. Directed by Christopher Nolan.",https://www.youtube.com/watch?v=CqaLfMi0fX4,An intense but deeply necessary conversation regarding our daily core habits.,Definitely bookmarking this video to take deeper notes later.,I never looked at the macro trends of movies from this direct viewpoint.,This is highly relatable analysis. The segment on behavioral patterns is perfect.,"Honestly, I trace my habits back to this exact loop and it is a painful struggle.",Text Hook,Off-Peak Hours (9AM-1PM),#relatable,44201,37.05,54,Rising Trend
Movies ,Video,23549,3005,534213,1628,1457,402,"Moana (2026) - Movie Review | Moana gets a live action remake that it DESPERATELY needed.....
Anyhow, here's my review for Disney's latest cash grab; the live action MOANA remake!

#Moana",https://www.youtube.com/watch?v=flv7a6_yiGU,I highly appreciate the clean academic framing of these societal problems.,I never looked at the macro trends of movies from this direct viewpoint.,That specific point about where we go wrong was a massive wake-up call for me.,This completely validates the underlying emotional layer I've been feeling.,An intense but deeply necessary conversation regarding our daily core habits.,Text Hook,Peak Hours (5PM-9PM),#moana,77752,34.09,64,Rising Trend
Movies ,Video,5071,223,106362,287,207,333,"The Odyssey Movie Review | No Spoiler | Join Membership to Join our Private Instagram Group????https://www.youtube.com/channel/UCPWqbr91cfbtLHZrHM5GItg/join
Our Instagram ID: https://www.instagram.com/abhi_review/
Our Twitter ID: https://twitter.com/AbhiKaReview?s=09
Our Facebook Page: https://www.facebook.com/AbhiKaReviewOfficial/

#abhikareview",https://www.youtube.com/watch?v=Fqdwm8X9UyM,This popped up on my dashboard at the absolute perfect moment in my life.,I never looked at the macro trends of movies from this direct viewpoint.,Thank you for sharing this perspective with so much clarity and depth.,That specific point about where we go wrong was a massive wake-up call for me.,An intense but deeply necessary conversation regarding our daily core habits.,Text Hook,Off-Peak Hours (9AM-1PM),#abhikareview,25097,46.55,65,Emerging (Pre-Mainstream)
Movies ,Video,22724,910,565115,1272,909,266,"The Odyssey Movie Review | Yogi Bolta Hai | The Odyssey Movie Review by Yogi Bolta Hai
The Odyssey Movie Review 
The Odyssey Movie 
The Odyssey Hindi Review
Christopher Nolan Movie
Tom Holland New Movie
Yogi Bolta Hai

#TheOdyssey #TheOdysseyMovieReview #TheOdysseyMovie #TheOdysseyReview #TheOdysseyMovieHindiReview #TheOdysseyHindiMovie #ChristopherNolan #MattDamon #TomHolland #AnneHathaway #RobertPattinson #Zendaya #CharlizeTheron #YogiBoltaHai

The Odyssey, The Odyssey Movie Review, The Odyssey Review, The Odyssey Review, The Odyssey Movie Hindi Review, The Odyssey Hindi Review, Christopher Nolan, Matt Damon, Tom Holland, Anne Hathaway, Robert Pattinson, Lupita Nyong???o, Zendaya, Charlize Theron, Epic Action Fantasy Film, War Based Movie, War Based Film, Ancient Greek, Odyssey, Universal Pictures, Universal Pictures India, Movie, Hollywood, Review, Movie, New Movie, Movie Review, Review, Rating, Yogi Bolta Hai,

Follow Yogi on 
Instagram - https://www.instagram.com/yogirokde 
WhatsApp - https://whatsapp.com/channel/0029Va96lzCEquiOrsmlXX2y  
Tweeter - https://twitter.com/yogirokde

Created with Max Studios: maxstudios.help@gmail.com

Note: - All Images, Pictures, Music used in the video belongs to the respected owners.

Disclaimer: - This channel DOES NOT promote or encourage any illegal activities. All content provided by this channel is meant for EDUCATIONAL and INFORMATIONAL PURPOSE only. 

Copyright Disclaimer: - Under section 107 of the copyright Act 1976, allowance is made for FAIR USE for purpose such as criticism, comment, news reporting, teaching, scholarship and research. Fair use is a use permitted by copyright statues that might otherwise be infringing. Non- Profit, educational or personal use tips the balance in favor of FAIR USE.

Channel Disclaimer ??? Yogi Bolta Hai is the FILM REVIEW channel dedicated to Review Films, Web Series, Songs, and Trailers. Yogi Bolta Hai channel sometimes use Film Clips, TV series Clips, Web Series Clips, Animation Series Clips to explain about the Film, Web Series, Trailers and Songs, but all under section 107 of the copyright Act 1976, allowance is made for FAIR USE for purpose such as criticism, comment, news reporting, teaching, scholarship and research.",https://www.youtube.com/watch?v=z3BRU9-_oyA,This popped up on my dashboard at the absolute perfect moment in my life.,I never looked at the macro trends of movies from this direct viewpoint.,This is highly relatable analysis. The segment on behavioral patterns is perfect.,My biggest issue is trying to break this cycle without feeling completely trapped.,An intense but deeply necessary conversation regarding our daily core habits.,Text Hook,Peak Hours (5PM-9PM),#theodyssey,69348,21.16,39,Mainstream / Saturated
Movies ,Short,37,0,2463,1,0,8,"???? The Odyssey Movie Review...Worth Watching But It's a Meme  #shorts | ???? The Odyssey Movie Review...Worth Watching But It's a Meme  




venkatesh #venkateshvictory 
#movie #movies #movierelease #moviereview #movieexplanation #movieupdates #trending #trendingshorts #trendingvideo #viral #viralvideo #viralshort #tollywood #kollywood #bollywood #telugucinema #Telugumovies #telugu #hindi #tamil #jananayagan #jananayaganreleasedate",https://www.youtube.com/watch?v=vYbyCu6S1RY,never thought about my movies habits like this before,i always fall into this exact trap whyyy,brb crying in the club,i feel so targeted right now lowkey,this short just exposed my whole life structure,Visual Hook,Off-Peak Hours (9AM-1PM),#shorts,24683,19.65,48,Mainstream / Saturated
Movies ,Short,344692,1234,7250055,17419,1785,58,"This woman has one hand made of gold | Movie Recap #shorts #movierecap #movieexplained | Welcome to my channel, here I Edit and narrating the best Movie Recap around the world and I explained Best Movie in the world with my own thriller.

Keywords used in this video:-
movie recap,movie recaps,movie recapped,movies recap,recap movies,mystery recapped,mystery recap,story recapped,story recap,movie explained,film recap,recapped,movie explained,movie summary,film recaps,recap,movies

#recap #recapfilm",https://www.youtube.com/watch?v=y6pM6BIJNoo,bro this hits way too close to home ??,i always fall into this exact trap whyyy,why is this so accurate though,this short just exposed my whole life structure,never thought about my movies habits like this before,Text Hook,Peak Hours (5PM-9PM),#shorts,49755,15.1,46,Mainstream / Saturated
Movies ,Short,7880,203,230312,424,49,59,"How to Avoid Copyright Claims on Movie Reviews! #Shorts | One of the most frequent questions I get asked is, ""How do you avoid copyright claims while doing movie reviews?""  Unfortunately there's no magic trick to avoiding claims.  I get them from time to time.  But there are things you can do to reduce the number of claims you get.

#shorts

Check out the complete list of gear I use for creating my YouTube videos here:  https://kit.co/SeanChandler


Real creators is a channel for real video creators by a real creator.  There's no shortage of professional YouTube experts.  I'm not one of those!  I'm just someone with experience making videos, and with some success on YouTube.",https://www.youtube.com/watch?v=W0qnHfVx1yQ,this short just exposed my whole life structure,never thought about my movies habits like this before,saving this immediately,im literally trapped in this toxic cycle help,i feel so targeted right now lowkey,Text Hook,Off-Peak Hours (9AM-1PM),#shorts,18359,18.13,34,Mainstream / Saturated
Movies ,Short,552088,8676,11172008,28905,3194,59,One of my favorite movies of all time #shorts | ,https://www.youtube.com/watch?v=kR_Cd0n03wE,this short just exposed my whole life structure,never thought about my movies habits like this before,saving this immediately,im literally trapped in this toxic cycle help,finally someone said it out loud!!,Text Hook,Peak Hours (5PM-9PM),#shorts,81277,38.49,58,Rising Trend
Movies ,Video,29239,3682,693689,2014,1797,351,"Disclosure Day - Movie Review | Steven Spielberg brings us a thematic return to his earlier optimistic alien films about humans, the government, and hope. Here's my review of DISCLOSURE DAY!

#DisclosureDay",https://www.youtube.com/watch?v=5JIlHLa7WMQ,The paradigm shift offered in this piece of content is profound.,I never looked at the macro trends of movies from this direct viewpoint.,"Honestly, I trace my habits back to this exact loop and it is a painful struggle.",An intense but deeply necessary conversation regarding our daily core habits.,The psychological structural explanation here is exactly what I needed to hear.,Text Hook,Off-Peak Hours (9AM-1PM),#disclosureday,37120,29.23,61,Rising Trend
Viral Challenges,Video,2473513,10229,186430727,125210,12879,877,Sour Family Sour Gummy Lemon Challenge! ???? | #viral #gummy #challenge | Full length documentary review and breakdown compilation.,https://www.youtube.com/watch?v=vXUZpRRrIBU,I never looked at the macro trends of viral challenges from this direct viewpoint.,An intense but deeply necessary conversation regarding our daily core habits.,I feel incredibly seen after listening to the breakdown in {context}.,That specific point about where we go wrong was a massive wake-up call for me.,This gave me genuine chills because it perfectly mirrors my own life trajectory.,Visual Hook,Peak Hours (5PM-9PM),#viral,68321,8.89,36,Mainstream / Saturated
Viral Challenges,Video,27303,329,1409742,1414,152,575,Ciara performs viral TikTok challenge with her entire family | Ciara and Russell Wilson show us their best moves to "Something New" by Wiz Khalifa featuring Ty Dolla $ign. | Full length documentary review and breakdown compilation.,https://www.youtube.com/watch?v=IS3S2qYGqY4,I feel incredibly seen after listening to the breakdown in {context}.,I never looked at the macro trends of viral challenges from this direct viewpoint.,I highly appreciate the clean academic framing of these societal problems.,"Honestly, I trace my habits back to this exact loop and it is a painful struggle.",An intense but deeply necessary conversation regarding our daily core habits.,Visual Hook,Off-Peak Hours (9AM-1PM),#relatable,70679,20.23,45,Mainstream / Saturated
Viral Challenges,Video,3855580,18693,245444106,195582,20212,761,Sister VS Sister Spicy Emoji Challenge!? ???? |  | Full length documentary review and breakdown compilation.,https://www.youtube.com/watch?v=hEZ9dqTtEMw,"Honestly, I trace my habits back to this exact loop and it is a painful struggle.",I never looked at the macro trends of viral challenges from this direct viewpoint.,An intense but deeply necessary conversation regarding our daily core habits.,Definitely bookmarking this video to take deeper notes later.,The psychological structural explanation here is exactly what I needed to hear.,Visual Hook,Peak Hours (5PM-9PM),#relatable,20657,19.81,46,Mainstream / Saturated
Viral Challenges,Video,226368,2181,13569334,11645,1240,819,"this looks so weird ???? floating challenge #shorts | May or may not have left a mark on this wall ???? Haha these are fun tag us in all of the challenges you see!!

#couples #challenges #couplechallenge #family #marriage | Full length documentary review and breakdown compilation.",https://www.youtube.com/watch?v=-C3ii8VFdrs,I never looked at the macro trends of viral challenges from this direct viewpoint.,This perfectly highlights why long-term anxiety manifests in daily routines.,I feel incredibly seen after listening to the breakdown in {context}.,I highly appreciate the clean academic framing of these societal problems.,An intense but deeply necessary conversation regarding our daily core habits.,Visual Hook,Off-Peak Hours (9AM-1PM),#shorts,67757,46.78,71,Emerging (Pre-Mainstream)
Viral Challenges,Video,9144359,0,431296636,457217,45721,588,(TALL DANCE)Who'stheBestDancer? XO TEAM VS RAIDES/HOMM9K VS VINCENT VS ASHLYN#shorts #viral #tiktok | (TALL DANCE)Who'stheBestDancer? XO TEAM VS RAIDES/HOMM9K VS VINCENT VS ASHLYN#shorts #viral #tiktok | Full length documentary review and breakdown compilation.,https://www.youtube.com/watch?v=InjQAHZjr6I,This is highly relatable analysis. The segment on behavioral patterns is perfect.,Definitely bookmarking this video to take deeper notes later.,I have been dealing with a major internal problem regarding this exact issue.,I never looked at the macro trends of viral challenges from this direct viewpoint.,An intense but deeply necessary conversation regarding our daily core habits.,Visual Hook,Peak Hours (5PM-9PM),#shorts,78389,47.74,69,Emerging (Pre-Mainstream)
Viral Challenges,Short,9144359,0,431296636,457217,45721,9,(TALL DANCE)Who'stheBestDancer? XO TEAM VS RAIDES/HOMM9K VS VINCENT VS ASHLYN#shorts #viral #tiktok | (TALL DANCE)Who'stheBestDancer? XO TEAM VS RAIDES/HOMM9K VS VINCENT VS ASHLYN#shorts #viral #tiktok,https://www.youtube.com/watch?v=InjQAHZjr6I,the ending caught me completely off guard,never thought about my viral challenges habits like this before,i always fall into this exact trap whyyy,i feel so targeted right now lowkey,this short just exposed my whole life structure,Text Hook,Off-Peak Hours (9AM-1PM),#shorts,80153,13.89,34,Mainstream / Saturated
Viral Challenges,Short,2019769,34877,185708430,106220,11842,10,"BESTIE DANCE!??????#shorts #shortsviral #funnyshorts | Rock Squad Faye and Jack are so cute but Ryder and Nayeli crash their trending tiktok dance before they can finish. What dances are going viral in your shortsfeed. Rock squad shorts are so fun! Our friends Not enough Nelsons posted this sound and they are also always posting top and recommended sounds on YouTube shorts! Shorts are so much better than tiktok. Did you watch our new series Pom Pom Diaries, who is excited for episode for 3? 
Watch here:

THE NEW GIRL: Pom Pom Diaries Ep.1**Shocking**|Rock Squad
https://youtu.be/yTtkqCh-VJ4

Unveiling the Shocking Truth: THE GIRL FIGHT | Pom Pom Diaries Ep. 2
https://youtu.be/biD81Lgbn7M

More new video:

FINDING A NEW GIRLFRIEND FOR RYDER!**Emotional**
https://youtu.be/CWFNKXkfaz0

Contact us. 
Rockdesk@rockyourhair.com",https://www.youtube.com/watch?v=hd2hiquQZVw,bro this hits way too close to home ??,never thought about my viral challenges habits like this before,i needed to hear this today,im literally trapped in this toxic cycle help,this short just exposed my whole life structure,Visual Hook,Peak Hours (5PM-9PM),#shorts,54195,64.86,91,Emerging (Pre-Mainstream)
Viral Challenges,Short,226368,2181,13569334,11645,1240,14,"this looks so weird ???? floating challenge #shorts | May or may not have left a mark on this wall ???? Haha these are fun tag us in all of the challenges you see!!

#couples #challenges #couplechallenge #family #marriage",https://www.youtube.com/watch?v=-C3ii8VFdrs,"so true, literally me every single day",why is this so accurate though,this short just exposed my whole life structure,my daily struggle summarized in 30 seconds lol,never thought about my viral challenges habits like this before,Visual Hook,Off-Peak Hours (9AM-1PM),#shorts,41957,21.01,51,Mainstream / Saturated
Viral Challenges,Short,228171,2224,27347339,11742,1252,16,IMPOSSIBLE Hand Challenge! ???????????? | Triple Charm #shorts | ,https://www.youtube.com/watch?v=QJPGldMHZrY,this short just exposed my whole life structure,why is this so accurate though,this is my exact problem fr,never thought about my viral challenges habits like this before,i feel so targeted right now lowkey,Visual Hook,Peak Hours (5PM-9PM),#shorts,10892,63.6,99,Emerging (Pre-Mainstream)
Viral Challenges,Short,148686,542,5176037,7515,770,10,"Was this fair??? #matchgame | Subscribe for family friendly challenges every day!!
#familythings #family #challenge #competition #fun #game #familygamenight #familyfun #shorts



FOLLOW US ON ALL SOCIAL MEDIA!!!!!:
Instagram: https://www.instagram.com/theklemfamily/
TikTok: https://vm.tiktok.com/ZMJmwq3fB/
Snapchat: https://www.snapchat.com/add/theklemfamily
Facebook: https://www.facebook.com/KlemFamily/
Twitter: https://twitter.com/brian_klem

All our links:
https://linktr.ee/klemfamily",https://www.youtube.com/watch?v=-LunbKJYZmM,this short just exposed my whole life structure,never thought about my viral challenges habits like this before,"so true, literally me every single day",im literally trapped in this toxic cycle help,brb crying in the club,Visual Hook,Off-Peak Hours (9AM-1PM),#matchgame,46958,29.66,47,Rising Trend
Reaction Video,Short,83291,181,1830036,4191,425,33,YourRAGE reacts to AI videos of himself???????? | #yourrage #ai #shorts,https://www.youtube.com/watch?v=uv0CooOBLLc,the anxiety this just gave me...,bro this hits way too close to home ??,i needed to hear this today,never thought about my reaction video habits like this before,this short just exposed my whole life structure,Text Hook,Peak Hours (5PM-9PM),#yourrage,73609,6.98,18,Mainstream / Saturated
Reaction Video,Video,26011,4283,1302856,1943,1851,481,"BRITS FIRST TIME Reaction To HOUSE OF PAIN! ft @TheOfficialCartierFamily | Today we reacted to House of Pain - Jump Around (Official Music Video) [HD]

original video: https://youtu.be/jrL_LzX5wv4?si=LJNoHpQiIcDBQkKa

Thank you for watching  , we hope you subscribe and join us along our journey ! 

Subscribe to our individual channels : 
JayFlex's channel : https://youtube.com/@JayFlexREAL
ItsPrincess's channel : https://youtube.com/@Itsprincesss

#HouseofPainreaction #jumparound #jumparoundreaction 
Copyright Disclaimer Under Section 107 of the Copyright Act 1976, allowance is made for ""fair use"" for purposes such as criticism, comment, news reporting, teaching, scholarship, and research. Fair use is a use permitted by copyright statute that might otherwise be infringing. Non-profit, educational or personal use tips the balance in favor of fair use. No copyright infringement intended. ALL RIGHTS BELONG TO THEIR RESPECTIVE OWNERS",https://www.youtube.com/watch?v=5UkslGHoY7M,The psychological structural explanation here is exactly what I needed to hear.,That specific point about where we go wrong was a massive wake-up call for me.,Definitely bookmarking this video to take deeper notes later.,An intense but deeply necessary conversation regarding our daily core habits.,I never looked at the macro trends of reaction video from this direct viewpoint.,Visual Hook,Off-Peak Hours (9AM-1PM),#houseofpainreaction,72411,25.7,59,Rising Trend
Reaction Video,Video,13697,3168,165840,1160,1202,891,"The Star-Spangled Banner As You've Never Heard It Before... (EMOTIONAL REACTION) | #StarSpangledBanner #AmericanHistory #Reaction #FirstTimeReaction #NationalAnthem #MrVideo
First time watching The Star-Spangled Banner As You've Never Heard It Before and I honestly wasn't expecting this. I thought I knew the national anthem, but hearing the story behind it completely changed how I look at the song.

If you enjoyed the reaction, hit that like button, subscribe, and let me know what I should react to next!

???? Full reactions and exclusive content:
Patreon: patreon.com/mrvideo",https://www.youtube.com/watch?v=veTdOx0-SRI,I never looked at the macro trends of reaction video from this direct viewpoint.,This completely validates the underlying emotional layer I've been feeling.,This gave me genuine chills because it perfectly mirrors my own life trajectory.,An intense but deeply necessary conversation regarding our daily core habits.,This perfectly highlights why long-term anxiety manifests in daily routines.,Visual Hook,Peak Hours (5PM-9PM),#starspangledbanner,66897,43.06,61,Rising Trend
Reaction Video,Short,1081441,12051,44791774,55879,6009,38,"Proof We Weren???t Alone! ???? | ????BECOME A MEMBER OF THE CHANNEL -  https://bit.ly/SubtoMunson

????Join Discord https://discord.gg/RcV22WkWEW
???Follow me on TikTok https://www.tiktok.com/@munsonyt
????Follow me on Twitch https://www.twitch.tv/munson
????Talk to me on Twitter https://twitter.com/munson_tv
????Follow me on Instagram https://www.instagram.com/munson_tv/
????Follow me on Kick https://kick.com/munson

Proof We Weren???t Alone! ????

????Other Channels:
- Main Channel - https://www.youtube.com/@Munsonn
- Munson Roblox - https://www.youtube.com/@MunsonRoblox
- Munson Minecraft - https://www.youtube.com/@MunsonMC

???Hastags
#reactions #reaction #react #munson #munsonreacts",https://www.youtube.com/watch?v=TADFEGBtsww,"so true, literally me every single day",the ending caught me completely off guard,this short just exposed my whole life structure,never thought about my reaction video habits like this before,the anxiety this just gave me...,Text Hook,Off-Peak Hours (9AM-1PM),#reactions,38265,45.84,67,Emerging (Pre-Mainstream)
Reaction Video,Video,34109,2563,588518,2089,1664,1175,"My Mom Was NOT Ready For This | Bill Burr - no reason to hit a woman - how women argue Reaction | #BillBurr #Reaction #comedyreaction 

My Mom Was NOT Ready For This | Bill Burr - No Reason to Hit a Woman - How Women Argue Reaction
Description:
First time showing my mom Bill Burr???s legendary ???No Reason to Hit a Woman??? / ???How Women Argue??? bit and she was NOT ready for where this conversation went ???? Bill Burr really pushes the line in the funniest way possible and mom???s reactions had me dying.
If you enjoyed the reaction make sure to LIKE ???? COMMENT ???? and SUBSCRIBE ????


Discord
https://discord.gg/mtW7fVqFTf


support the channel!! & exclusive movies and tv show content 
https://www.patreon.com/mrvideo?fan_landing=true

MY PAYPAL INCASE YOU WANT TO SUPPORT THE CHANNEL.. TSHITHOT@GMAIL.COM




- [ ] *Copyright Disclaimer Under Section 107 of the Copyright Act 1976, allowance is made for ""fair use"" for purposes such as criticism, comment, news reporting, teaching, scholarship, and research. Fair use is a use permitted by copyright statute that might otherwise be infringing. Non-profit, educational or personal use tips the balance in favor of fair use. No copyright infringement intended. ALL RIGHTS BELONG TO THEIR RESPECTIVE OWNERS",https://www.youtube.com/watch?v=R3VeVmOKfzI,An intense but deeply necessary conversation regarding our daily core habits.,I highly appreciate the clean academic framing of these societal problems.,I never looked at the macro trends of reaction video from this direct viewpoint.,This perfectly highlights why long-term anxiety manifests in daily routines.,I feel incredibly seen after listening to the breakdown in {context}.,Text Hook,Peak Hours (5PM-9PM),#billburr,33806,36.86,71,Rising Trend
Reaction Video,Short,186824,592,2227924,9430,963,15,Reacting to my OLD VIRAL VIDEOS ???????? #Shorts | ,https://www.youtube.com/watch?v=r_U6uDTF8MQ,this short just exposed my whole life structure,never thought about my reaction video habits like this before,"felt this in my soul omg, thank you",saving this immediately,my daily struggle summarized in 30 seconds lol,Text Hook,Off-Peak Hours (9AM-1PM),#shorts,12734,31.87,57,Rising Trend
Reaction Video,Short,451637,907,14402395,22717,2303,15,Try not to laugh #trynottolaugh #reaction #memes #shorts #funny | ,https://www.youtube.com/watch?v=kegGG_JWCns,finally someone said it out loud!!,why is this so accurate though,this short just exposed my whole life structure,never thought about my reaction video habits like this before,the anxiety this just gave me...,Text Hook,Peak Hours (5PM-9PM),#trynottolaugh,41597,38.17,57,Rising Trend
Reaction Video,Short,75242,2187,6686420,4090,485,18,"MOST VIEWED YOUTUBE SHORTS EVER!! #shorts #viral #trending #reaction #foltyn | subscribe for more :)

FOLTYN FAMILY MERCH: https://foltynfamily.myshopify.com/

-Socials-

Discord: https://discord.gg/hqwZhrkqRr

Roblox Group: https://www.roblox.com/groups/1177555...

Insta: https://www.instagram.com/foltynn/

Twitter: https://twitter.com/Foltynnn

What is Roblox? ROBLOX is an online virtual playground and workshop, where kids of all ages can safely interact, create, have fun, and learn. It???s unique in that practically everything on ROBLOX is designed and constructed by members of the community. ROBLOX is designed for 13 to 18 year olds, but it is open to people of all ages. Each player starts by choosing an avatar and giving it an identity. They can then explore ROBLOX ??? interacting with others by chatting, playing games, or collaborating on creative projects. Each player is also given their own piece of undeveloped real estate along with a virtual toolbox with which to design and build anything ??? be it a navigable skyscraper, a working helicopter, a giant pinball machine, a multiplayer ???Capture the Flag??? game or some other, yet-to-be-dreamed-up creation. There is no cost for this first plot of virtual land. By participating and by building cool stuff, ROBLOX members can earn specialty badges as well as ROBLOX dollars (???Robux???). In turn, they can shop the online catalog to purchase avatar clothing and accessories as well as premium building materials, interactive components, and working mechanisms.",https://www.youtube.com/watch?v=CfmW7zHCmqY,my daily struggle summarized in 30 seconds lol,finally someone said it out loud!!,i needed to hear this today,never thought about my reaction video habits like this before,this short just exposed my whole life structure,Text Hook,Off-Peak Hours (9AM-1PM),#shorts,2216,40.56,65,Rising Trend
Reaction Video,Short,1482466,4869,290540293,74853,7655,15,Funny Video Reaction part 1 | New Funny Video 2026 #tomholland #funny #shorts #reaction | Funny Video Reaction part 1 | New Funny Video 2026 #tomholland #funny #shorts #reaction,https://www.youtube.com/watch?v=hcRZ6TlU14c,i feel so targeted right now lowkey,im literally trapped in this toxic cycle help,saving this immediately,never thought about my reaction video habits like this before,this short just exposed my whole life structure,Text Hook,Peak Hours (5PM-9PM),#tomholland,56791,9.85,34,Mainstream / Saturated
Reaction Video,Short,630285,7990,33354680,32712,3550,8,"Buddy is actually wild for that #twitch #funny #reaction #shorts #streamer #gaming #youtubeshorts | PULL UP TO A STREAM:
[https://www.twitch.tv/presidentlloyd]
DISCORD:
[https://discord.gg/6rkfyd5UT7]
SOCIALS:
[https://www.instagram.com/notpresidentlloyd/]
[https://www.tiktok.com/@notpresidentlloyd]",https://www.youtube.com/watch?v=Q8rn6k5nydQ,never thought about my reaction video habits like this before,the anxiety this just gave me...,the ending caught me completely off guard,this short just exposed my whole life structure,"felt this in my soul omg, thank you",Text Hook,Off-Peak Hours (9AM-1PM),#twitch,24447,27.18,59,Rising Trend
Horror ,Video,18320,1022,468638,1069,805,1590,"3 Terrifying TRUE Horror Stories | These are three unthemed scary true stories.

Listen to these stories  more: https://hypeddit.com/mrnightmare
If you enjoy this type of content and would like to see more of it & support the channel, feel free to subscribe and turn on notifications.

If you want to send a personal TRUE story of yours, please send it through email: mrnightmareinbox@gmail.com *PLEASE DO NOT SEND ANYTHING WRITTEN/POLISHED BY AI*
Anything with poorly structured sentences and grammar will not be read, so please just make them neat and understandable. Please also state how you would like your name to be credited in a video.

Music:
@co.agmusic  
@Myuu  
@repulsive1908
@MONST3RMUSIC

My only real socials:
Insta: https://www.instagram.com/realmrnightmare/
Twitter: https://twitter.com/mista_nightmare?l...
TikTok: https://www.tiktok.com/@officialmrnightmare?lang=en",https://www.youtube.com/watch?v=Y7LLfVvJjV0,This perfectly highlights why long-term anxiety manifests in daily routines.,This is highly relatable analysis. The segment on behavioral patterns is perfect.,The paradigm shift offered in this piece of content is profound.,An intense but deeply necessary conversation regarding our daily core habits.,I never looked at the macro trends of horror from this direct viewpoint.,Text Hook,Peak Hours (5PM-9PM),#relatable,25500,19.53,47,Mainstream / Saturated
Horror ,Video,6732,414,558636,398,305,1142,"3 REALLY SCARY TRUE WALMART HORROR STORIES ANIMATED | HORROR SHORTS PARTY (ANIMATOR):
MY MERCH: https://www.horrorshortsparty.com/category/all-products
MY PATREON: https://www.patreon.com/horrorshortsparty
MY INSTAGRAM: https://www.instagram.com/horrorshortsparty/
MY TWITTER: https://twitter.com/itshorrorshorts

ONEANIMATORMAN (ANIMATOR): 
CHANNEL: https://www.youtube.com/channel/UCjW2qtY84EmAeUFFm3bWofQ

JESSE JAMES BOND (WRITER)
https://www.youtube.com/channel/UCS6ikMRjTTgtsNwu6x_af-g

SOMBERREADS (NARRATOR/ VOICE ACTOR): 
CHANNEL: https://www.youtube.com/c/SomberReads/

BOUND IN IMAGERY (NARRATOR/ VOICE ACTOR): 
CHANNEL: https://www.youtube.com/user/Liteitup576

THE OPPAI PRINCESS (NARRATOR/ VOICE ACTOR): 
CHANNEL: https://youtube.com/@theoppaiprincess?si=DXJQwWHGmrAk8Ta0

SABINA RENCK (NARRATOR/ VOICE ACTOR)

DISCLAIMER: DO NOT REACT/ DUB my videos without EMAILED PERMISSION. Use of any audio or affiliated animations of these videos on YouTube or any other social media platform is not allowed as it is a direct violation of copyright law and will result in a COPYRIGHT STRIKE. The videos on this channel are intended for mature audiences only (PG-13). The videos contain graphic/mature content that is not suitable for viewers under the age of 13 (PG-13). Viewer discretion is advised.

MUSIC CREDIT:

Kevin MacLeod (incompetech.com)
Licensed under Creative Commons: By Attribution 3.0 License
https://creativecommons.org/licenses/by/3.0/

CO.AG Music
https://www.youtube.com/channel/UCcavSftXHgxLBWwLDm_bNvA
Licensed under Creative Commons: By Attribution 3.0 License
https://creativecommons.org/licenses/by/3.0/

Myuu
https://www.youtube.com/user/myuuji
Licensed under Creative Commons: By Attribution 3.0 License
https://creativecommons.org/licenses/by/3.0/

Repulsive
Licensed under Creative Commons: By Attribution 3.0 License
https://creativecommons.org/licenses/by/3.0/

I own a license for all software and have the rights for commercial use for everything used in my videos.
https://creativecommons.org/licenses/by/3.0/

#WALMART #ANIMATEDSTORY #HorrorShortsParty",https://www.youtube.com/watch?v=vigcyvSWSQ4,I highly appreciate the clean academic framing of these societal problems.,An intense but deeply necessary conversation regarding our daily core habits.,I never looked at the macro trends of horror from this direct viewpoint.,"Honestly, I trace my habits back to this exact loop and it is a painful struggle.",I feel incredibly seen after listening to the breakdown in {context}.,Text Hook,Off-Peak Hours (9AM-1PM),#walmart,75265,53.19,74,Emerging (Pre-Mainstream)
Horror ,Video,24271,1625,729342,1457,1134,1583,"3 Scary TRUE Deep Woods Horror Stories | Here is volume 3 of true deep woods horror stories submitted by viewers.

Listen to these stories  more: https://hypeddit.com/mrnightmare
If you enjoy this type of content and would like to see more of it & support the channel, feel free to subscribe and turn on notifications.

If you want to send a personal TRUE story of yours, please send it through email: mrnightmareinbox@gmail.com *PLEASE DO NOT SEND ANYTHING WRITTEN/POLISHED BY AI*
Anything with poorly structured sentences and grammar will not be read, so please just make them neat and understandable. Please also state how you would like your name to be credited in a video.

Music:
@co.agmusic  
@Myuu  
@repulsive1908
@MONST3RMUSIC

My only real socials:
Insta: https://www.instagram.com/realmrnightmare/
Twitter: https://twitter.com/mista_nightmare?l...
TikTok: https://www.tiktok.com/@officialmrnightmare?lang=en",https://www.youtube.com/watch?v=Y7EimaoKnHs,I have been dealing with a major internal problem regarding this exact issue.,The psychological structural explanation here is exactly what I needed to hear.,Definitely bookmarking this video to take deeper notes later.,An intense but deeply necessary conversation regarding our daily core habits.,I never looked at the macro trends of horror from this direct viewpoint.,Text Hook,Peak Hours (5PM-9PM),#relatable,83998,33.22,58,Rising Trend
Horror ,Video,5190,461,215770,328,270,12694,"17 Disturbing True Scary Stories for Sleepless Nights (3 HOURS) | Check out the PODCAST! 
Spotify -- https://spoti.fi/2o7wgnc
Apple Podcasts -- https://apple.co/2Mwumv6

Or wherever you listen to Podcasts!





Drift off into darkness with hours of true creepy stories that will send chills down your spine???just enough to lull you into sleep. These real-life horror stories feature unsettling encounters, paranormal activity, late-night stalkers, and disturbing mysteries told in a calm, immersive voice designed for late-night listening. Whether you're winding down or love sleeping to eerie ambience, this collection is perfect for fans of true scary stories, creepypasta, and sleep horror podcasts.
This upload is a compilation of previously featured stories from the Let???s Read archive, remastered and organized into one extended listening experience, just like you'd get over on The Lets Read Podcast.


??????? New stories added weekly
???? Best with headphones
???? Ideal for night owls, insomniacs, and horror lovers



???? TIME STAMPS:
Story 1???00:00
Story 2???16:25
Story 3???30:19
Story 4???52:51
Story 5???1:03:43
Story 6???1:10:08
Story 7???1:22:56
Story 8???1:29:53
Story 9???1:36:34
Story 10???2:03:29
Story 11???2:12:51
Story 12???2:20:43
Story 13???2:42:15
Story 14???2:50:50
Story 15???2:59:27
Story 16???3:06:48
Story 17???3:20:22





Audio Mix, Music & Thumbnail by INEKT
https://www.youtube.com/@inekt


NEW HORROR VIDEOS EVERY MON & THURSDAY at 9PM EST?????? https://www.youtube.com/subscription_center?add_user=letsreadofficial


HAVE A STORY TO SUBMIT????
LetsReadSubmissions@gmail.com


MERCH STORE?????? https://shop.spreadshirt.com/LetsRead/


FOLLOW ME ON
??? Instagram - https://www.instagram.com/letsread.official


Support me on PATREON for EARLY ACCESS!???http://patreon.com/LetsRead

JOIN this channel to get access to MEMBERS ONLY perks:
https://www.youtube.com/channel/UCW2G11dTUlkjZCW_0EaZK4Q/join

 



DISCLAIMER: All stories within this video are provided with explicit permission from their respective authors. Thank you to all who participated in today's video!

#truescarystories #creepy #letsread",https://www.youtube.com/watch?v=JChfFY6a8Z0,The psychological structural explanation here is exactly what I needed to hear.,This popped up on my dashboard at the absolute perfect moment in my life.,I never looked at the macro trends of horror from this direct viewpoint.,"Honestly, I trace my habits back to this exact loop and it is a painful struggle.",An intense but deeply necessary conversation regarding our daily core habits.,Visual Hook,Off-Peak Hours (9AM-1PM),#truescarystories,10468,64.01,87,Emerging (Pre-Mainstream)
Horror ,Video,18633,1628,489821,1175,965,1435,"3 Terrifying TRUE Boating Horror Stories | True boating horror stories shared by those who lived through terrifying experiences on the water.

Listen to these stories  more: https://hypeddit.com/mrnightmare
If you enjoy this type of content and would like to see more of it & support the channel, feel free to subscribe and turn on notifications.

If you want to send a personal TRUE story of yours, please send it through email: mrnightmareinbox@gmail.com *PLEASE DO NOT SEND ANYTHING WRITTEN/POLISHED BY AI*
Anything with poorly structured sentences and grammar will not be read, so please just make them neat and understandable. Please also state how you would like your name to be credited in a video.

Music:
@co.agmusic  
@Myuu  
@repulsive1908
@MONST3RMUSIC

My only real socials:
Insta: https://www.instagram.com/realmrnightmare/
Twitter: https://twitter.com/mista_nightmare?l...
TikTok: https://www.tiktok.com/@officialmrnightmare?lang=en",https://www.youtube.com/watch?v=Y5iZ5ic8Xuo,I have been dealing with a major internal problem regarding this exact issue.,An intense but deeply necessary conversation regarding our daily core habits.,I feel incredibly seen after listening to the breakdown in {context}.,I never looked at the macro trends of horror from this direct viewpoint.,The paradigm shift offered in this piece of content is profound.,Text Hook,Peak Hours (5PM-9PM),#relatable,13385,28.93,60,Rising Trend
Horror ,Short,425780,9241,9453997,22675,2590,12,her name backwards??? horror story #shorts | ,https://www.youtube.com/watch?v=KX_yvPkqQk0,finally someone said it out loud!!,never thought about my horror habits like this before,this short just exposed my whole life structure,i always fall into this exact trap whyyy,the ending caught me completely off guard,Text Hook,Off-Peak Hours (9AM-1PM),#shorts,64904,53.99,81,Emerging (Pre-Mainstream)
Horror ,Short,153136,0,8516494,7656,765,39,"Scary Story About The Swing | Sebastiank22 Scary Stories #Shorts | #Shorts

HIT THAT LIKE BUTTON IF YOU ENJOYED

About 90% Of you Who Watch My Videos Are Not Subscribed , It???ll Mean A lot If You Do!!!

Thanks For Taking The Time To Watch My Videos:)",https://www.youtube.com/watch?v=ppgKG5M65Dc,i needed to hear this today,this is my exact problem fr,this short just exposed my whole life structure,never thought about my horror habits like this before,"felt this in my soul omg, thank you",Visual Hook,Peak Hours (5PM-9PM),#shorts,40299,52.9,73,Emerging (Pre-Mainstream)
Horror ,Short,156279,1495,6589952,8038,856,13,the note??? (horror story) #shorts | ,https://www.youtube.com/watch?v=Gpo9CMSH97g,this is my exact problem fr,i feel so targeted right now lowkey,never thought about my horror habits like this before,why is this so accurate though,this short just exposed my whole life structure,Text Hook,Off-Peak Hours (9AM-1PM),#shorts,9771,14.04,34,Mainstream / Saturated
Horror ,Short,219957,3604,40599321,11538,1279,15,I think it's safe to swim here #nightmare #creepy #cursed #horror #shorts | ,https://www.youtube.com/watch?v=R7cEIG_gqLU,this short just exposed my whole life structure,why is this so accurate though,this is my exact problem fr,bro this hits way too close to home ??,never thought about my horror habits like this before,Text Hook,Peak Hours (5PM-9PM),#nightmare,39244,35.49,62,Rising Trend
Horror ,Video,5640,341,349161,333,254,2616,"5 True Unsettling Horror Stories Animated | Hey Fam,

I publish a new video every Thursday, Saturday and Sunday. 

Do you have a story to share or just want to say hi, you can write to me - broccolianimations@gmail.com 

Watch my first animated movie: https://www.youtube.com/watch?v=pb0hXuAg0UA

I also do YouTube Live once a week.",https://www.youtube.com/watch?v=yOUFOppdwc4,Definitely bookmarking this video to take deeper notes later.,That specific point about where we go wrong was a massive wake-up call for me.,Thank you for sharing this perspective with so much clarity and depth.,An intense but deeply necessary conversation regarding our daily core habits.,I never looked at the macro trends of horror from this direct viewpoint.,Visual Hook,Off-Peak Hours (9AM-1PM),#relatable,52414,46.75,81,Emerging (Pre-Mainstream)
Mukbang ,Video,558,65,15590,37,32,761,"ASMR MUKBANG | Fried Chicken, Sausage, Fire Noodles, French Fries EATING SOUND | Today menu is   Fried Chicken, Sausage, Fire Noodles, French Fries with cheese sauce and Tartar sauce.

Thank you for watching my video today???
I will reward you with a pleasant video. Thank you for always???
Please subscribe and like???

??? Mail : asmr.chihun@gmail.com

ASMR MUKBANG | Fried Chicken, Sausage, Fire Noodles, French Fries EATING SOUND

#friedchicken 
#sausage
#mukbang 


????Music provided by ???????????????
????Track : ???????????? - https://youtu.be/oXc3PhIeeoE

????Music provided by ???????????????
????Track : ????????? ???????????? - https://youtu.be/PZlQXsEPJ6MToday",https://www.youtube.com/watch?v=F7jakBU3_3A,An intense but deeply necessary conversation regarding our daily core habits.,This is highly relatable analysis. The segment on behavioral patterns is perfect.,This perfectly highlights why long-term anxiety manifests in daily routines.,This gave me genuine chills because it perfectly mirrors my own life trajectory.,I never looked at the macro trends of mukbang from this direct viewpoint.,Visual Hook,Peak Hours (5PM-9PM),#friedchicken,62428,56.5,83,Emerging (Pre-Mainstream)
Mukbang ,Video,4817,388,422520,299,241,694,"KING CRAB SEAFOOD BOIL MUKBANG | SEAFOOD | MUKBANG | DESHELLED LOBSTER | SEAFOOD BOIL | ASMR EATING | DESHELLED SEAFOOD MUKBANG | ASMR EATING SEAFOOD | KING CRAB LEGS SEAFOOD BOIL MUKBANG | LOBSTER TAIL MUKBANG | ASMR FOOD | FOOD EATING | EATING SHOW | MUKBANG ASMR ASMR EATING FOOD MUKBANG | satisfying food asmr seafood eating sounds. EAT SPICY WITH TEE ALFREDO SAUCE spicy seafood boil mikbang cajun butter sauce
I have seafood mukbang asmr eating king crab seafood boil mukbang ASMR! This Seafood mukbang ASMR has Giant King crab legs, mega prawns, shrimp, green lip mussels, and lobster tails. Eat Spicy with Tee seafood boil sauce This is truly a massive seafood boil with a thick spicy mukbang sauce for seafood crab legs! let's not forget the boiled eggs sausage, Samyang black bean noodles, eggs, and my alfredo sauce. I have three sauces tonight my coconut butter sauce thick cajun butter seafood boil sauce recipe and Alfredo sauce.  

DESHELLED SEAFOOD MUKBANG | KING CRAB LEGS SEAFOOD BOIL MUKBANG | SPICY MUKBANG | LOBSTER TAIL MUKBANG | CHEESY ALFREDO SAUCE 
I have Giant King crab legs, lobster tails, mega prawns, shrimp, mussels, corn potatoes, and boiled eggs drenched In Bloveslife seafood boil | SMACKALICIOUS SPICY SEAFOOD SAUCE. 
This is truly a juicy, giant seafood boil feast!  let's not forget the eggs sausage, Samyang black bean noodles, eggs, and my alfredo sauce. I have two sauces tonight my cajun Butter sauce and alfredo sauce.  
KING CRAB SEAFOOD BOIL MUKBANG | alfredo sauce and mf coxo ur butter sauce | LOBSTER | CHEESY ALFREDO SAUCE SEAFOOD MUKBANG | EATING ASMR | I TRIED NOT TO GET MY WHITE SHIRT DIRTY SEAFOOD CHALLENGE
CLICK THE LINK ?????? https://brightland.co/EATSPICY to find out more about Brightland's high-quality products and get 10 % off! 
ASMR Deshelled seafood boil|, seafood boil, seafood mukbang, seafood boil mukbang, seafood, seafood asmr, seafood with alfredo sauce, mukbang seafood, mukbangers, mukbang, mukbang seafood boil king crab, mukbang asmr, eating seafood with alfredo sauce, eating crab asmr, eating show, eating big seafood boil, crab boil mukbang, crab mukbang, lobster mukbang, bloveslife, queen beast, eat spicy with tee, Hot cheetos, hot cheetos mukbang, cheese, fried seafood, Baddie sawwce, Asmr eating, Asmr food

Asmr Eating / FRIED KING CRAB SEAFOOD BOIL MUKBANG | FLAMING HOT CHEETOS MUKBANG WITH CHEESE | CHEESY ALFREDO SAUCE | LOBSTER TAIL MUKBANG | deep fried boiled eggs | | egg boil | ASMR Food | ??????????????
Huge Deep Fried seafood dipped in cheese sauce; fried king crab legs and fried lobster mukbang
This was definitely a seafood Mukbang filled with crunchy sounds and big bites. I really love alfredo sauce and this cheese sauce is everything! the fried pickles are amazing, and so is the fried shrimp! Wow, this is a huge deshelled seafood boil.
I used Samyang 2x spicy nuclear fire sauce, in this cheesy fried food Mukbang. 
As always thank you all for watching, and commenting. The time you all share with me means everything to me????de'arra taylor
Baddie Sauce Review 
Today I featured  BaddieTwinz TV   ""Baddie Sauce"" if you are interested in trying it the link is below ?????? 
DEEP-FRIED SEAFOOD RECIPE
https://youtu.be/yVEtc7S38aM

KING CRAB MUKBANG
https://youtu.be/XavPVVXQKVI

ALFREDO SAUCE RECIPE 
https://youtu.be/x_90Dn-nmBceat spicy with tee sauce recipe 

DESHELLED SEAFOOD BOIL 
https://youtu.be/uV_XL1MykRk

LOBSTER TAIL MUKBANG 
https://youtu.be/ELqFGio1zk8

SEAFOOD ALFREDO MUKBANG
https://youtu.be/8CzQ0IXL8C8

Thank you voxility Tea for the mention. 

My 2nd channel link is below; More Spicy Tee
https://www.youtube.com/channel/UCgPZiLt8YQakRrf7CoGDGHQ

What's up with all this eating? 
What is Mukbang?
Mukbang- Muk-bang or Meokbang is a live online audiovisual broadcast that became popular in South Korea in 2010. During a Mukbang the host eats large amounts of food while interacting with their audience. 

Catch me on these social media platforms:
IG: @EatSpicywithTee
Snapchat: EatSpicywithTee
Twitter: @eat_tee
Facebook: https://www.facebook.com/eatspicy.wit???.

#EATSPICYWITHTEE
#SEAFOODMUKBANG
#SEAFOODBOIL
#SEAFOODBOILMUKBANG
#deshelledseafoodboil 
#mukbangasmr 
#asmrfood 
#seafood
#crabmukbang 
#asmr???
#EATINGSHOW
#mukbang???seafood
#mukbang
#EATING
#LOBSTERTAILMUKBANGo",https://www.youtube.com/watch?v=DImYLRLu1zw,Definitely bookmarking this video to take deeper notes later.,I never looked at the macro trends of mukbang from this direct viewpoint.,An intense but deeply necessary conversation regarding our daily core habits.,Thank you for sharing this perspective with so much clarity and depth.,That specific point about where we go wrong was a massive wake-up call for me.,Visual Hook,Off-Peak Hours (9AM-1PM),#eatspicywithtee,50184,24.56,48,Mainstream / Saturated
Mukbang ,Video,18524,1111,1420893,1092,833,838,"KING CRAB SEAFOOD BOIL MUKBANG | HOT CHEETOS | SEAFOOD MUKBANG | CHEESE ALFREDO SAUCE | ASMR EATING | Asmr Eating SEAFOOD MUKBANG / FRIED KING CRAB SEAFOOD BOIL MUKBANG | HOT CHEETOS king crab legs SEAFOOD MUKBANG | messy eating seafood big bites asmr mukbang Asmr food | KING CRAB MUKBANG|SEAFOOD BOIL |  hot cheetos lobster tail spicy with tee MUKBANG ALFREDO SAUCE | CHEESY ALFREDO SAUCE | hot cheetos mukbang | MUKBANG FRIED CHEETOS | HOT CHEETOS DEEP FRIED BOILED EGGS MUKBANG |  LOBSTER TAIL MUKBANG | deep fried boiled eggs | | egg boil | ASMR Food | ASMR eating seafood | food Eating | eating show | THE BEST seafood Mukbang 
Huge Deep fried seafood dipped in cheese sauce; fried king crab legs and fried lobster mukbang
This was definitely a seafood Mukbang filled with crunchy sounds and big bites. I really love alfredo sauce and this cheese sauce is everything! the fried pickles are amazing, so is the fried shrimp! Wow, this is a huge deshelled seafood boil.
I used Samyang 2x spicy nuclear fire sauce, in this cheesy fried food Mukbang. 
As always thank you all for watching, and commenting. The time you all share with me means everything to me????
Baddie Sauce Review 
Today I featured  BaddieTwinz TV   ""Baddie Sauce"" if you are interested in trying it the link is below ?????? 
https://baddietwinz.com
DEEP-FRIED SEAFOOD RECIPE
https://youtu.be/yVEtc7S38aM


KING CRAB MUKBANG
https://youtu.be/XavPVVXQKVI

ALFREDO SAUCE RECIPE 
https://youtu.be/x_90Dn-nmBceat spicy with tee sauce recipe 

DESHELLED SEAFOOD BOIL 
https://youtu.be/uV_XL1MykRk

LOBSTER TAIL MUKBANG 
https://youtu.be/ELqFGio1zk8

SEAFOOD ALFREDO MUKBANG
https://youtu.be/8CzQ0IXL8C8

KING CRAB SEAFOOD BOIL MUKBANG | FRIED HOT CHEETOS MUKBANG | CHEESE ALFREDO SAUCE | LOBSTER MUKBANGhttps://youtu.be/r9KfDPNtDcs
KING CRAB SEAFOOD BOIL MUKBANG ASMR | HOT CHEETOS CHEESE SPICY NOODLES | ASMR EATING | ASMR RED FOOD
https://youtu.be/faLfJRSG0ok

  Chocolate Girl Eats   
https://www.youtube.com/channel/UCmWrTMmPIfEIX1vqxYRll2w
Chocolate girl eats deep fried egg 
https://youtu.be/JGb7qCFeu0k

Thank you voxility Tea for the mention. 

My 2nd channel link is below; More Spicy Tee
https://www.youtube.com/channel/UCgPZiLt8YQakRrf7CoGDGHQ

What's up with all this eating? 
What is Mukbang?
Mukbang- Muk-bang or Meokbang is a live online audiovisual broadcast that became popular in South Korea in 2010. During a Mukbang the host eats large amounts of food while interacting with their audience. 

Catch me on these social media platforms:
IG: @EatSpicywithTee
Snapchat: EatSpicywithTee
Twitter: @eat_tee
Facebook: https://www.facebook.com/eatspicy.wit???.
seafood boil 
seafood mukbang
seafood ASMR
Fried seafood Mukbang
Fried seafood boil
Fried seafood
Fried seafood asmr
Fried seafood Mukbang with alfredo sauce

#EATSPICYWITHTEE
#SEAFOODMUKBANG
#asmrmukbang
#SEAFOODBOIL
#hotcheetoskingcrab 
#mukbangasmr 
#seafoodboilmukbang 
#seafood
#asmreating 
#asmr???
#EATINGSHOW
#mukbang???seafood
#mukbang
#KINGCRABMUKBANG
#lobstertailmukbang 
#FRIEDSEAFOODMUKBanfoingd",https://www.youtube.com/watch?v=ADUraxmotiE,This popped up on my dashboard at the absolute perfect moment in my life.,I feel incredibly seen after listening to the breakdown in {context}.,I never looked at the macro trends of mukbang from this direct viewpoint.,An intense but deeply necessary conversation regarding our daily core habits.,"Honestly, I trace my habits back to this exact loop and it is a painful struggle.",Visual Hook,Peak Hours (5PM-9PM),#eatspicywithtee,41974,18.21,33,Mainstream / Saturated
Mukbang ,Short,178628,246,5198806,8968,905,51,Taking on Olive Garden???s never-ending pasta challenge ???? #olivegarden #pasta #mukbang | ,https://www.youtube.com/watch?v=Q1WbzTsSD88,why is this so accurate though,this short just exposed my whole life structure,bro this hits way too close to home ??,never thought about my mukbang habits like this before,im literally trapped in this toxic cycle help,Visual Hook,Off-Peak Hours (9AM-1PM),#olivegarden,3768,47.67,84,Emerging (Pre-Mainstream)
Mukbang ,Video,231,2,3287,11,7,179,"Unlimited Delicious Mukbang Eating Challenge Crispy Chicken, Pizza & Cheesy Burger| #Cheese #Foodie | Unlimited Delicious Mukbang Eating Challenge ???????????? Crispy Chicken, Pizza & Cheesy Burger #shorts


Get ready for the ultimate Unlimited Delicious Mukbang Eating Challenge! ???????????? Watch me enjoy crispy fried chicken, cheesy pizza, juicy burger, fries, and tasty dipping sauce in this satisfying ASMR eating show.

If you love mukbang, food ASMR, eating challenges, cheesy food, and satisfying eating videos, don't forget to LIKE ????, COMMENT ????, and SUBSCRIBE ?????? for more delicious content!


#Mukbang #EatingChallenge #FoodASMR #Shorts #Pizza #Burger #FriedChicken #Cheese #ASMR #Foodie


mukbang, mukbang shorts, eating challenge, unlimited eating challenge, food challenge, food asmr, asmr eating, satisfying eating, pizza mukbang, burger mukbang, fried chicken mukbang, cheesy pizza, cheese burger, crispy chicken, french fries, fast food mukbang, delicious food, eating show, viral shorts, youtube shorts, satisfying food, korean mukbang, spicy food, foodie, food lover, pizza challenge, burger challenge, chicken challenge, cheese pull, asmr sounds, tasty food, yummy, trending shorts, viral mukbang, mukbang eating, food vlog, snack challenge, comfort food, shorts viral

Suggested hashtags: #shorts #mukbang #foodasmr #eatingchallenge #pizza #burger #friedchicken #food #asmr #viralshorts",https://www.youtube.com/watch?v=anXPeVuODKs,Thank you for sharing this perspective with so much clarity and depth.,That specific point about where we go wrong was a massive wake-up call for me.,I never looked at the macro trends of mukbang from this direct viewpoint.,Definitely bookmarking this video to take deeper notes later.,An intense but deeply necessary conversation regarding our daily core habits.,Visual Hook,Peak Hours (5PM-9PM),#cheese,63792,53.57,86,Emerging (Pre-Mainstream)
Mukbang ,Short,144514,365,8144419,7280,740,9,KING CRAB SEAFOOD BOIL MUKBANG | SEAFOOD Mukbang #mukbang  #shorts | ,https://www.youtube.com/watch?v=IlUsMKvr8Z8,this short just exposed my whole life structure,"so true, literally me every single day",the anxiety this just gave me...,i needed to hear this today,never thought about my mukbang habits like this before,Text Hook,Off-Peak Hours (9AM-1PM),#mukbang,68763,25.92,47,Rising Trend
Mukbang ,Short,946957,3703,27594694,47903,4919,41,@hhchotchicken free hot chicken for life after this 8 patty challenge #food #shorts #eating | ,https://www.youtube.com/watch?v=5HZ15Pn34J8,i feel so targeted right now lowkey,never thought about my mukbang habits like this before,my daily struggle summarized in 30 seconds lol,this short just exposed my whole life structure,why is this so accurate though,Visual Hook,Peak Hours (5PM-9PM),#food,3895,10.77,25,Mainstream / Saturated
Mukbang ,Short,591541,2066,27672236,29886,3061,13,ALWAYS LOCK YOUR CAR DOORS WHILE EATING! #shorts #mukbang #food | ALWAYS LOCK YOUR CAR DOORS WHILE EATING! #shorts #mukbang #food,https://www.youtube.com/watch?v=HsLGaDj2SkE,brb crying in the club,never thought about my mukbang habits like this before,this short just exposed my whole life structure,i always fall into this exact trap whyyy,finally someone said it out loud!!,Text Hook,Off-Peak Hours (9AM-1PM),#shorts,49390,61.43,95,Emerging (Pre-Mainstream)
Mukbang ,Short,159540,1481,31176530,8199,871,8,Random Pink Food ASMR Mukbang #3 ???????????? #shorts #mukbang #asmr #eating | ,https://www.youtube.com/watch?v=hgHzuwb3les,this short just exposed my whole life structure,i feel so targeted right now lowkey,i always fall into this exact trap whyyy,never thought about my mukbang habits like this before,saving this immediately,Text Hook,Peak Hours (5PM-9PM),#3,6458,28.85,63,Rising Trend
Mukbang ,Short,58199,3688,6155373,3463,475,37,ASMR Mukbang ?????????????? Eating Random Purple Food Color #funny #shorts #mukbang #eating #food | ,https://www.youtube.com/watch?v=RBBtIndXDuA,the anxiety this just gave me...,this short just exposed my whole life structure,"so true, literally me every single day",never thought about my mukbang habits like this before,saving this immediately,Text Hook,Off-Peak Hours (9AM-1PM),#funny,40704,36.07,53,Rising Trend
Clothing Hauls,Video,29,2,25031,1,1,565,"04K Sheer Lingerie Try-On Haul 2026| Transparent BBW Mature Fashion & Trends | In this video we explore affordable fashion products for women???
#4Ktryon???
#See???-Through
#Transparent???
#Lingerie??? Try-On
#Bikini??? Try-On
#Fashion??? Trends 2025
Outfit Haul
#UHD??? 
#Ultra??? HD
 #arianagrande 
#bellahadid
 #zarafashion
4K Zara Curvy Voluptuous Thick Mesh Haul | Best Nude Tone Summer Fashion 2026

BBW, SSBBW, Curvy, Thick, Plus Size, Beautiful Woman, Glamour, Model, Latina, Mature, Voluptuous, Fashion, Beauty 
see through lingerie,lingerie try on,lingerie try on haul,see through try on haul,see thru try on haul,see-through lingerie,seethrough lingerie,transparent lingerie,transparent try on haul,underwear try on,panties try on,panty try on,g string try on,lingerie haul,hot lingerie try on haul,hot try on haul,bikini try on,bikini try on haul,bikini haul,micro bikini haul,string bikini,see through bikini,leggings try on haul,see through dress,see through underwear,try on,try on haul,bra,bras,panty,panties,underwear,lingerie,bodysuit,bikini,micro,micro bikini,pasties,thong,tiny thong,thong try on,thong try on haul,see through top,Lingerie cleaning,see through leggings,thong slip,rhiannon blue,girls,hot girl,sexy lingerie,try on haul lingerie,try on lingerie,squat proof,gym clothing,haul,workout clothes,leggings,women,sports shorts,workout tops,gym tops,sport clothes,gym suit for women,set activewear,fitness shorts,gym attire,fitness clothes,gym outfits for women,best workout clothes for women,fitness wear,virtual try on,gym apparel,gym pants for women,shein haul,fashion haul,outfit inspo,outfit ideas,modern style,transparent fashion,swimwear,ootd,summer haul,4k video,cinematic,transparent bikini,activewear try on,leggings try on,micro bikini try on haul,transparent clothes try on,fitness haul,gym fashion,zara,sheer dress try on,new collection,transparent outfits,transparent cleaning,sheer lingerie haul,activewear haul,lookbook,try on haul usa,transparent bikini haul,workout clothes haul,try on haul transparent,fashion try on haul,see through lingerie haul,swimsuit haul,4k el alfa,trending,shorts,outfit,transparent haul,pink,swimsuit try on,mesh dress try on,transparent dress,sony a7siii,i tried,cupshe,clothing,transparent,babydoll,nikon z8,booty,transparent clothing cleaning,viral video,natural,no bra,try on haul plus size,blue,chic fashion,swimsuit try on haul,you,lingerie fashion,try on haul see everything,tiktok,try on haul transparent woman 4k plus size,swimwear haul,art,model try on,review,swimwear try on,try on haul curvy,bikini review,youtube shorts,top,cupshe haul,activewear review,fashion video,transparent 3.0,stylish,viral,fashion style,designer,gorgeous,try on haul bikini,sustainability,hot,youtube,the pink envelope,underwear women,bikini line,tips,model,reel,fashion undergarments,4k,curvy models,model edits,catwalk,fashion haul,how to improve fashion sense,how to become a fashion content creator,rock your fashion,fashion killa,myria fashion",https://www.youtube.com/watch?v=H89fPse5H0k,The paradigm shift offered in this piece of content is profound.,"Honestly, I trace my habits back to this exact loop and it is a painful struggle.",I feel incredibly seen after listening to the breakdown in {context}.,I never looked at the macro trends of clothing hauls from this direct viewpoint.,An intense but deeply necessary conversation regarding our daily core habits.,Visual Hook,Peak Hours (5PM-9PM),#4ktryon,34359,55.26,83,Emerging (Pre-Mainstream)
Clothing Hauls,Video,2320,136,77490,136,103,900,"*HUGE* collective summer clothing haul *2026* | hi guys!! in today's video, I will be giving u guys a collective haul of everything I've bought recently for summer! i hope u guys enjoy and don't forget to subscribe for more summer vlogs, including lots odf Hawaii content! ily!!!- Noelle

?????????????social medias:
tiktok- thenoellekate
instagram- thenoellekate
pinterest-noellekatee

????i dont own any of the music used!

????sub count: 688k",https://www.youtube.com/watch?v=8n_J5QyA0Jw,This is highly relatable analysis. The segment on behavioral patterns is perfect.,An intense but deeply necessary conversation regarding our daily core habits.,This popped up on my dashboard at the absolute perfect moment in my life.,My biggest issue is trying to break this cycle without feeling completely trapped.,I never looked at the macro trends of clothing hauls from this direct viewpoint.,Visual Hook,Off-Peak Hours (9AM-1PM),#relatable,15186,45.54,77,Emerging (Pre-Mainstream)
Clothing Hauls,Video,397,42,4668,26,22,869,"9th Grade and 7th Grade Back to School Fashion Haul | Join my membership to get access to perks:
https://www.youtube.com/channel/UCcnPsj7h8zxZk3C4r8LDC6w/join
Get ready for back to school shopping with us as we hunt for the perfect outfits for ninth and seventh grade. See what we find at the mall.

In this shopping vlog, we take you through our day hitting the stores to find trendy school outfit ideas. Whether you are prepping for middle school fashion or looking for high school outfits, we show you the styles we selected to start the new year off right.

We browse various stores to piece together complete looks for the upcoming semester. Watch along to see how we balance style and comfort for different grade levels. Seeing these back to school shopping options might help you decide on your own wardrobe choices for the fall.

Subscribe for weekly fashion breakdowns and comment below which store had the best back to school shopping deals this year.",https://www.youtube.com/watch?v=jezAKgHE1Pk,I highly appreciate the clean academic framing of these societal problems.,"Honestly, I trace my habits back to this exact loop and it is a painful struggle.",An intense but deeply necessary conversation regarding our daily core habits.,The psychological structural explanation here is exactly what I needed to hear.,I never looked at the macro trends of clothing hauls from this direct viewpoint.,Visual Hook,Peak Hours (5PM-9PM),#relatable,63058,49.11,83,Emerging (Pre-Mainstream)
Clothing Hauls,Video,539,52,9106,34,29,969,"MEGA SHEIN SUMMER HAUL ??????? ? ON HAUL! ?????? de leukste bikini's, jurkjes & topjes! | Hey iedereen!

Vandaag heb ik weer een SHEIN Summer Haul voor jullie! ?????? Ik laat al mijn nieuwe zomeraankopen zien: van bikini's en jurkjes tot topjes en andere leuke zomeritems. Natuurlijk pas ik alles ook aan, zodat jullie kunnen zien hoe het eruitziet en wat ik ervan vind.

Veel kijk plezierrr xx mij ????

VERGEET NIET TE LIKEN EN ABONNEREN want we zijn bijna bij de 22,5k????

??? SOCIALE MEDIA:
instagram: @ninthemeijnders
tiktok: @ninthe.meijnders 
pinterest: ninthemeijnders
vinted: ninthe-kleding

???? OVER MIJ: 
Ik ben Ninthe, 17 jaar en zit op de HVA & studeer Creative Business. Elke week post ik een nieuwe video die te maken heeft met lifestyle, beauty, shoplogs, vlogjes, eten, school en nog veel meer ??????

???? TAGS
shein haul, shein summer haul, shein try on haul, shein kleding, shein zomerkleding, shein bikini, shein bikini haul, shein jurkjes, shein topjes, shein outfits, shein review, shein bestelling, shein fashion, shein nederland, summer haul, summer try on haul, try on haul, clothing haul, fashion haul, zomer outfits, zomerkleding, vakantie outfits, vakantie kleding, beach outfits, beachwear, bikini haul, bikini's, jurkjes, topjes, girly outfits, girly fashion, cute outfits, aesthetic outfits, vakantie essentials, summer fashion, zomer must haves, outfit inspiratie, outfit ideas, kleding inspiratie, kleding shoppen, online shoppen, shein finds, affordable fashion, budget fashion, viral shein haul, youtube haul, mode, fashion, zomer 2026, shein shoplog, albufeira outfit inspo, dutch shoplog, shoplog nederlands

#SHEIN #SHEINHaul #SummerHaul #TryOnHaul #SummerOutfits 

???? MUZIEK CREDITS:
Music by Ellie Lawson - Follow your Bliss - https://thmatc.co/?l=21E1A1D5
Music by WABI SABI - boba date - https://thmatc.co/?l=612678FD",https://www.youtube.com/watch?v=vTF_7xRsPV8,I never looked at the macro trends of clothing hauls from this direct viewpoint.,That specific point about where we go wrong was a massive wake-up call for me.,An intense but deeply necessary conversation regarding our daily core habits.,Definitely bookmarking this video to take deeper notes later.,Thank you for sharing this perspective with so much clarity and depth.,Visual Hook,Off-Peak Hours (9AM-1PM),#shein,13866,17.54,44,Mainstream / Saturated
Clothing Hauls,Video,196,12,4466,11,8,227,"Asos  Zara Try on Haul | Summer 2026 | A few new pieces for Summer ??????

Links below

ASOS
Black pants https://bit.ly/4wJ8tdC
Long shorts https://bit.ly/455g6iM
Pleated top https://bit.ly/4wKm3NN
Sheer skirt https://bit.ly/4wJ8tdC

Zara
Long yellow shorts https://bit.ly/4wIGOtl
Denim shorts https://bit.ly/4fj3ysK

-------------------------------------????---------------------------------------??-??-------------------

Follow on Instagram for more outfits
http://instagram.com/ashbrooke/ 
http://instagram.com/afteriris

-------------------------------------????---------------------------------------??-??-------------------

Business Inquiries: itsashbrooke@gmail.com

Disclaimer: I use affiliates links in the description box. Sponsored content will ALWAYS be labeled as sponsored, and I will always give you my honest opinion. I would not show you things that I wouldn???t purchase myself.",https://www.youtube.com/watch?v=mQEeoygV_sU,I never looked at the macro trends of clothing hauls from this direct viewpoint.,That specific point about where we go wrong was a massive wake-up call for me.,Thank you for sharing this perspective with so much clarity and depth.,An intense but deeply necessary conversation regarding our daily core habits.,The paradigm shift offered in this piece of content is profound.,Visual Hook,Peak Hours (5PM-9PM),#relatable,39860,37.49,65,Rising Trend
Clothing Hauls,Video,2596,71,308378,140,95,518,"The BEST Gym Shorts Brands ???? (Try on haul & review) | Today I wanted to share my experience with the different workout clothing brands I???ve tried! 
If there are any specific pieces you want links to, comment below and I???ll do my best to find it!

Thanks so much for watching ??????

-

Chapters:

0:00 (Intro)

0:18 (Gymshark)

1:32 (Lulu Lemon)

2:32 (Dicks)

3:34 (Nike)

5:47 (Astoria)

6:15 (SHEIN)

6:41 (Pink)

6:50 (Born Primitive)

7:10 (DFYNE)",https://www.youtube.com/watch?v=M4xlnJbuE2U,An intense but deeply necessary conversation regarding our daily core habits.,I never looked at the macro trends of clothing hauls from this direct viewpoint.,Definitely bookmarking this video to take deeper notes later.,Thank you for sharing this perspective with so much clarity and depth.,I have been dealing with a major internal problem regarding this exact issue.,Visual Hook,Off-Peak Hours (9AM-1PM),#relatable,4761,46.75,84,Emerging (Pre-Mainstream)
Clothing Hauls,Short,2309,71,147379,126,15,19,"Summer haul loading ??????? | Garage try-on  cute fits #Shorts #ootd #styleinspo #outfitinspo | summer haul loading ??????? try-on featuring cute outfits from Garage Clothing ???
crop tops, denim, and easy summer outfit inspo ???? which fit is your fave?

??????? brands I love: Garage, Brandy Melville, Princess Polly
???? content: fashion hauls, GRWM, outfit ideas, beauty & lifestyle

#GarageClothing #TryOnHaul #SummerFits #OOTD #GRWM #YouTubeShorts #FashionShorts #HaulVideo #CuteOutfits

???? follow me for more:
TikTok: @daphnemadison
Instagram: @daphne___madison",https://www.youtube.com/watch?v=hlOT4t-ZsCo,this short just exposed my whole life structure,the ending caught me completely off guard,im literally trapped in this toxic cycle help,never thought about my clothing hauls habits like this before,i feel so targeted right now lowkey,Visual Hook,Peak Hours (5PM-9PM),#shorts,28054,18.71,46,Mainstream / Saturated
Clothing Hauls,Short,62099,591,2781460,3193,340,11,"LULULEMON TOPS try on haul ???? LULULEMON HAUL oc: @vscobyylulu | ??? lululemon activewear try on haul summer fashion 2022 ???

Follow Lulu on socials:
IG: https://www.instagram.com/vscobyylulu/
TikTok: https://www.tiktok.com/@.vscobylulu

#tryonhaul #tryon #haul #LULULEMONhaul #shorts",https://www.youtube.com/watch?v=7TdDpL8HQQk,never thought about my clothing hauls habits like this before,this short just exposed my whole life structure,i needed to hear this today,i always fall into this exact trap whyyy,bro this hits way too close to home ??,Visual Hook,Off-Peak Hours (9AM-1PM),#tryonhaul,65705,15.5,29,Mainstream / Saturated
Clothing Hauls,Short,4065,47,462489,210,22,12,the micro shorts ???? #microshorts #minishorts #polkadots #styleinspo #brandymelville #fashion | ,https://www.youtube.com/watch?v=tPDLLAXe4hg,the anxiety this just gave me...,i feel so targeted right now lowkey,never thought about my clothing hauls habits like this before,this short just exposed my whole life structure,why is this so accurate though,Text Hook,Peak Hours (5PM-9PM),#microshorts,53451,63.93,87,Emerging (Pre-Mainstream)
Clothing Hauls,Video,41804,870,1855771,2220,1471,88,"HUGE Back to School clothing haul from @target  ??????????#targethaul #backtoschool #shorts | #britainnoelle #britainlee #baylaanoelle #bayalaarose #shortsvideo #shortsfeed #shortsviral #familyfun #sisters #britainandbaylaa #shopping 

Nisha and fam | Nishaandfam | Nisha Noelle | Nisha Noelle fam | Britain and Baylaa | Britain Noelle | Baylaa Noelle | Britainlee | Baylaarose | TikTok trend | big family | relatable | funny trend | Sephora kids | Sephora | outfit ideas | outfit INSPO | affordable style | preppy outfits | tween mom | tween style | tweens | coordinating outfits | mom and daughter style | ootd | outfit of the day | shopping vlog | ulta | Britain Baylaa and Boston | Britain and Baylaa singing | Britain and Baylaa Youtube | Britain and Baylaa shorts | Britain and Baylaa Tiktok  | Britain Baylaa and Boston| back to school haul | back to school outfits | try on haul | back to school style",https://www.youtube.com/watch?v=ttYdKGfhraU,"Honestly, I trace my habits back to this exact loop and it is a painful struggle.",I never looked at the macro trends of clothing hauls from this direct viewpoint.,I feel incredibly seen after listening to the breakdown in {context}.,An intense but deeply necessary conversation regarding our daily core habits.,This gave me genuine chills because it perfectly mirrors my own life trajectory.,Visual Hook,Off-Peak Hours (9AM-1PM),#targethaul,23862,36,71,Rising Trend
Fashion ,Short,24145,241,6154380,1243,132,5,New ZARA silk blue dress! @DivaAngel?????? #fashion #trend #new #usa #style for fashion porpoises #zara | New ZARA silk blue dress! ?????? #fashion #trend #new #usa #style for fashion porpoises #zara ???@DivaAngel,https://www.youtube.com/watch?v=NxUU3GkbKkI,never thought about my fashion habits like this before,i feel so targeted right now lowkey,why is this so accurate though,im literally trapped in this toxic cycle help,this short just exposed my whole life structure,Text Hook,Peak Hours (5PM-9PM),#fashion,9592,20.65,50,Mainstream / Saturated
Fashion ,Video,334,39,13595,22,19,562,"10 Biggest Summer Trends 2026 | What to Wear and What to SKIP | In this video, we???re not only talking about the biggest Summer 2026 fashion trends, we???re also talking about the trends that may lose momentum very soon and the pieces that might not be worth spending your money on. In other words, a complete fashion analysis is waiting for you. Don???t go Summer shopping before watching this video first!

Summer 2026 fashion trends are already changing and some pieces are about to be everywhere, while others are starting to feel repetitive, overdone or simply less elegant. Today we???re talking about the summer trends actually worth wearing, elegant pieces that instantly elevate any look, trending colors, summer shoes, bags, minimalist style, old money inspired fashion, quiet luxury and wearable pieces that make a wardrobe feel more polished and current.

From white cotton dresses, linen sets, midi skirts, elegant trousers, romantic tops, polka dots, butter yellow shades, lightweight fabrics, minimal sandals and sophisticated accessories, to trends that may disappear faster than expected, this guide covers the biggest Summer 2026 trends.

If you love elegant fashion, wearable trends, minimalist style, sophisticated looks and versatile pieces that help create a chic and modern wardrobe, this video is for you.


#Summer2026 #SummerTrends2026 #FashionTrends2026 #QuietLuxury #OldMoneyStyle #ElegantStyle #MinimalStyle #ChicStyle #SummerFashion #CapsuleWardrobe",https://www.youtube.com/watch?v=RDkmS4_qijs,Thank you for sharing this perspective with so much clarity and depth.,This gave me genuine chills because it perfectly mirrors my own life trajectory.,I never looked at the macro trends of fashion from this direct viewpoint.,"Honestly, I trace my habits back to this exact loop and it is a painful struggle.",An intense but deeply necessary conversation regarding our daily core habits.,Visual Hook,Off-Peak Hours (9AM-1PM),#summer2026,31735,64.78,100,Emerging (Pre-Mainstream)
Fashion ,Video,2168,116,34335,125,94,986,"Top 10 Wearable Fall 2026 Fashion Trends | Save on your next Halara purchase with my supercode:   leoniesp
(Only on the US site, 10% off orders over $120 USD, 12% off orders over $150 USD on all items.)
Regular code: leonie200
 (On all other sites, 20% off on full-priced items)

Halara Pieces Featured In This Video
SoftlyZero??? Plush Active Dress-Longer Length-Easy Peezy Edition
http://halara.link/s/141YS4czNT
Color???Black
Size???M(Long)

Crew Neck Ruched InstantCool Yoga Tank Top-UPF50
http://halara.link/s/141YS4czNU
Color???White
Size???M

Halara UltraSculpt??? High Waisted Tummy Control Pocket Shaping Yoga Bootcut Leggings
http://halara.link/s/141YS4czNV
Color???Black
Size???M(ultratall)

Long Sleeve Denim Casual Shirt with Pockets
http://halara.link/s/141YS4czNW
Color???Tide Blue Denim
Size???M(regular)

Mid Rise Drawstring Barrel Leg Casual Cargo Joggers with Pockets
http://halara.link/s/141YS4czNX
Color???Ivy Green
Size???S(regular)

Mid Rise Drawstring Barrel Leg Casual Cargo Joggers with Pockets
http://halara.link/s/141YS4czNY
Color???Black
Size???M(regular)

Ribbed Knit Crew Neck Cap Sleeve Stripes Casual T-Shirt
http://halara.link/s/141YS4czNZ
Color???Gray White Horizontal Stripe
Size???M

Mid Rise Drawstring Camo Casual Cargo Baggy Pants with Pockets
http://halara.link/s/141YS4czRY
Color???Born to be Wild - Green Camo
Size???M(regular)

Ribbed Knit Crew Neck Built-in Bra Casual Tank Top
http://halara.link/s/141YS4czRZ
Color???White
Size???M

Ribbed Knit Crew Neck Built-in Bra Casual Tank Top
http://halara.link/s/141YS4czRa
Color???Black
Size???M

High Waisted Drawstring Pocket Wide Leg Baggy Casual Linen-Feel Pants
http://halara.link/s/141YS4czRb
Color???Kelly Green
Size???M(tall)

High Waisted Drawstring Pocket Wide Leg Baggy Casual Linen-Feel Pants
http://halara.link/s/141YS4czRc
Color???Black
Size???M(extall)

SoftlyZero??? Airy Super High Waisted 2-in-1 InstantCool Yoga Shorts 7'' with Pockets
http://halara.link/s/141YS4czRd
Color???Mood Indigo
Size???M

Mid Rise Drawstring Color Block Stripes Contrast Leopard Casual Baggy Pants with Pockets
http://halara.link/s/141YS4czRe
Color???Olive Leopard
Size???M(tall)

SoftlyZero??? Airy Super High Waisted 2-in-1 InstantCool Yoga Shorts 7'' with Pockets
http://halara.link/s/141YS4czRf
Color???Salsa
Size???M

Top 10 Wearable Fall 2026 Fashion Trends
Not every trend is worth your money and that's why today I'm sharing the only Fall 2026 fashion trends I truly believe are worth investing in because they're versatile, timeless and you'll still be reaching for them long after this season is over.

Whether you're updating your wardrobe or simply want to shop more intentionally, these are the pieces that offer the best cost per wear and will keep your style feeling current for years to come.

I'd love to know which trend is your favourite? Let me know in the comments below!

Thank you to Halara for partnering with me on today's video.

Thanks so much for watching and see you in the next upload.
Leonie 



??? SHOP YOUR CLOSET BOOK ??? 
My original step-by-step guide to detoxing, organising and finally learning how to wear all of the clothes you own: https://thestyleinsider.squarespace.com/shop/p/shop-your-closet-30-days-to-wearing-loving-all-the-clothes-you-own

??? MY NEW YOUTUBE CHANNEL ??? 
https://www.youtube.com/@Leonieunfiltered

??? WATCH NEXT ??? 
The Wearable Trends for 2026
https://youtu.be/DvARV136LO8

10 Wearable 2026 Fashion Trends
https://youtu.be/0MF8l4Pvk4E

Why Your Outfits Don???t Feel Right *How to Fix It Fast*
https://youtu.be/jmnb2Jxhun4

SUBSCRIBE FOR MORE STYLE ADVICE:
If you love fashion, style tips, wearable trends and outfit ideas for women over 40 and 50 be sure to subscribe and turn on notifications so you never miss a video.",https://www.youtube.com/watch?v=tGMBvyZR_qE,I never looked at the macro trends of fashion from this direct viewpoint.,This is highly relatable analysis. The segment on behavioral patterns is perfect.,An intense but deeply necessary conversation regarding our daily core habits.,I highly appreciate the clean academic framing of these societal problems.,My biggest issue is trying to break this cycle without feeling completely trapped.,Visual Hook,Peak Hours (5PM-9PM),#relatable,79803,62.93,94,Emerging (Pre-Mainstream)
Fashion ,Video,6196,475,1534586,381,304,698,"2026 FASHION TRENDS! *It's the end of an ERA!* | Thank you to LILYSILK for sponsoring this video! ???? Links below ????
???Explore More Timeless Chic And Effortlessly Comfortable Styles At LILYSILK: https://lilysilk.to/lPJeSmE

Items I'm wearing (I am 5'6,  34D!) :
Pointelle Mock Neck Sweater, S: https://lilysilk.to/oyAhUZr
Front-Pleated Silk-Wool Blend Trousers, US2: https://lilysilk.to/fxPHVDH
Gold Buckle Leather Belt: https://lilysilk.to/FDZcRIS
Ribbed-knit Turtleneck Zip Cardigan, S: https://lilysilk.to/JeSWZhu
Silk-Wool Straight-Leg Versatil Pants: https://lilysilk.to/CepMDKO
Navy Blue Brushed Cashmere Cardigan, S: https://lilysilk.to/CMOmGgU
Cable-Knit Baby Cashmere Cardigan, S: https://lilysilk.to/uHprGdx
Navy Blue Silk Shirt, M: https://lilysilk.to/rRMCDUE
Black Half-Zip Pullover: https://lilysilk.to/bQOjUTH
Silk Shirt Collection: https://lilysilk.to/cuLsmus
#lilysilk#LiveSpectacularly

Let's Connect!
???? SUBSCRIBE to my Youtube Channel (I post 1-2x/week!) https://bit.ly/3rihqt5?????????
???? FOLLOW ME on Instagram! If you want...I lead a mundane existence ???? @annadreid
???? FIND ME on TikTok! I'm way more interesting there https://bit.ly/2Pu3HBr????????? annadreid
???? BUSINESS INQUIRIES annadreid28@gmail.com

Some of the links above contain affiliate links and I may receive a small commission.  This does not affect your price or experience. Thank you for supporting my channel!",https://www.youtube.com/watch?v=RyQS3X9wZDg,This perfectly highlights why long-term anxiety manifests in daily routines.,This popped up on my dashboard at the absolute perfect moment in my life.,This completely validates the underlying emotional layer I've been feeling.,An intense but deeply necessary conversation regarding our daily core habits.,I never looked at the macro trends of fashion from this direct viewpoint.,Text Hook,Off-Peak Hours (9AM-1PM),#lilysilk,53456,38.5,61,Rising Trend
Fashion ,Video,262,6,11130,14,9,670,"Top Five Fashion Trends of 2026 You???ll Truly Wear on Repeat! | Top Five 2026 Fashion Trends You???ll Truly Wear on Repeat! 

????Fashion Trends Book: How to Know Which Trends to Wear, Which to Skip, and How to Style Them for Your Shape-  https://www.amazon.com/dp/B0GMD86VQ9

Looking ahead to 2026 fashion trends, but only the ones that actually work in real life? In this video, we???re breaking down the top five 2026 fashion trends you???ll truly wear on repeat???timeless, wearable, and easy to style for everyday life.

These are not runway-only looks or overhyped pieces. Instead, you???ll see practical trends that elevate your wardrobe, feel modern, and fit seamlessly into your existing closet. Whether you???re dressing for work, weekends, or casual outings, these 2026 trends are designed to look polished without trying too hard.

If you love elegant, effortless style and want to stay ahead of fashion without wasting money on fleeting trends, this video is for you.

??? Watch till the end for styling insights that make these trends feel current and wearable.

#2026FashionTrends #WearableFashion #TimelessStyle #EverydayFashion #ElegantStyle #ModernWardrobe",https://www.youtube.com/watch?v=KTt-lJNAbqw,I highly appreciate the clean academic framing of these societal problems.,Thank you for sharing this perspective with so much clarity and depth.,I have been dealing with a major internal problem regarding this exact issue.,I never looked at the macro trends of fashion from this direct viewpoint.,An intense but deeply necessary conversation regarding our daily core habits.,Visual Hook,Peak Hours (5PM-9PM),#2026fashiontrends,36422,57.96,93,Emerging (Pre-Mainstream)
Fashion ,Short,1023428,5809,53607689,52042,5407,11,"when you know how to sew???????????? #fashion #fashiontrends #shorts  #tiktok #siblings | My Amazon Storefront! (items y???all asked about!) https://tr.ee/x6fkK58J2g

???(??????????)??? ?????????????? let's be friends !?????????
instagram https://www.instagram.com/aivaat/
tiktok https://www.tiktok.com/@aivaat?lang=en
pinterest ??? https://pin.it/2DiMxiqS9

check out my other channel! https://youtube.com/channel/UCWb2TQId8dfk0XtPWqPWH3g

love u my babies ???
Business: taaviaf@gmail.com",https://www.youtube.com/watch?v=JV2qYzAVbSc,this short just exposed my whole life structure,brb crying in the club,never thought about my fashion habits like this before,the anxiety this just gave me...,"so true, literally me every single day",Text Hook,Off-Peak Hours (9AM-1PM),#fashion,78573,16.32,39,Mainstream / Saturated
Fashion ,Short,0,5712,49047528,856,285,9,"Same dress, different vibe???? Our DALARY Maxi Dress???? #shorts #fashion #youtubeshorts #fashiontrends | Same dress, different vibe???? Our DALARY Maxi Dress???? #shorts #fashion #youtubeshorts #fashiontrends

Hello My LOVES so you don't miss out on New updates SUBSCRIBE to the CHANNEL ACTIVATE THE NOTIFICATION BELL Leave your LIKE COMMENTS AND SHARE with your friends???????

Rate this #ootd from 1-10???????

TAG someone who would love this & don't forget to save the video to refer back to when styling.
#outfit #fashion #styling #linanoory #VictoriaXavier #fashionnova
#Allgoodthingsnetwork #maxfashion
#BESTOUTFIT #OfficialLizSanchez #Bestmodelss
#mimoda. 

Keywords:
shorts, viral, trending, glamour, model, fashion, youtubeshorts, grwm, ootd, outfitideas, outfitinspo, tutorial  style, styling, styletips, fashionstyle, todayslook, todaysoutfit, eveninglook, eveninggowns, 
ytshort,

Thank you so much to everyone that has been tagging people in the comments, saving, liking, & sharing the videos! Your support means everything to me..????????????",https://www.youtube.com/watch?v=xxqBm0CR3-M,why is this so accurate though,the anxiety this just gave me...,this short just exposed my whole life structure,never thought about my fashion habits like this before,finally someone said it out loud!!,Visual Hook,Peak Hours (5PM-9PM),#shorts,80775,21.73,40,Mainstream / Saturated
Fashion ,Short,111245,1825,6498802,5836,647,8,"Fancy green backless tight dress for a dinner date #fashion #style #outfit #shorts | Fancy green backless tight dress for a dinner date
Thank you for watching ??????????
#fashion #outfit #style #trending #fashiontrends #fashionstyle #outfits #beautiful",https://www.youtube.com/watch?v=xcR0dvs001g,never thought about my fashion habits like this before,saving this immediately,"so true, literally me every single day",this short just exposed my whole life structure,this is my exact problem fr,Visual Hook,Off-Peak Hours (9AM-1PM),#fashion,64535,47.02,66,Emerging (Pre-Mainstream)
Fashion ,Video,1025,137,34707,71,65,1469,"Summer 2026 Fashion Trends You'll ACTUALLY Wear (What's IN vs OUT) | #fashiontrends #styletips #summerfashiontrends 

Summer 2026 fashion trends are officially here??? and thankfully some of these outdated trends are finally disappearing. ????

In today???s video, we???re breaking down the biggest SUMMER 2026 fashion trends you???ll actually wear in real life ??? from Bermuda shorts, lace satin skirts, thong sandals, and polka dots to the trends that are officially OUT this year (some of them needed to go??? respectfully).

I???m sharing:
??? What???s IN vs OUT for Summer 2026
??? Wearability  hotness ratings
??? How to style each trend
??? Affordable budget-friendly alternatives
??? The trends that actually make outfits look expensive

Whether you love fashion trends, elevated basics, quiet luxury style, designer-inspired fashion, or affordable outfit ideas ??? this is your ultimate Summer 2026 trend guide.

 SUBSCRIBE to see more of my daily videos!

Find Me Elsewhere :

?????? Amazon Storefront - https://www.amazon.com/shop/billienewland?isPublicView=true 
?????? LTK Storefront - https://www.shopltk.com/explore/billiexnewland 
IG - https://www.instagram.com/billiexnewland
TikTok - https://www.tiktok.com/@billiexnewland
Facebook - https://www.facebook.com/billiexnewland/
Pinterest - https://www.pinterest.com/billiexnewland

_________________________________

??? Items Mentioned :

LINKS :

Bermuda shorts - https://go.shopmy.us/p-56621008 

Blach leather heeled sandals - https://rstyle.me/?_s0HNn-ZnMzXvuFL6A 

Beige heel sandals - https://rstyle.me/???????? 

Amazon lace shorts - https://rstyle.me/+9YZw-DJv1Tm1z7M38mb-w 

Nude lace skirt - https://go.shopmy.us/p-56743213 

Pink lace skirt - https://go.shopmy.us/p-56743627 

Polka dot dress - https://go.shopmy.us/p-56746496 

Polka dot blazer - https://go.shopmy.us/p-56746966 

Polka dot shorts - https://go.shopmy.us/p-56747149 

Black skirt set - https://go.shopmy.us/p-56760837 

Gap straight leg jeans - https://go.shopmy.us/p-56760776 

Zara mid rise jeans - https://go.shopmy.us/p-56761421 

Scoop neck top - https://rstyle.me/???????? 

Yellow bikini top - https://go.shopmy.us/p-56970441 

Yellow bikini bottom - https://go.shopmy.us/p-56970598 

Yellow cardigan - https://rstyle.me/?????_-rZH3A 

Black jean capris - https://go.shopmy.us/p-56977277 

Pull on capris - https://go.shopmy.us/p-56978367 

Wide foot kitten heel - https://go.shopmy.us/p-56980542 

White kitten toe heels - https://go.shopmy.us/p-56981447 

Green bikini shorts - https://go.shopmy.us/p-56985670 

Striped bikini shorts - https://rstyle.me/?_QjE8MilVL0xBbF25Q 

Chloe aviator sunglasses - https://go.shopmy.us/p-57055690 

Amazon aviator sunglasses - https://go.shopmy.us/p-57056011 

Polka dot scarf top - https://go.shopmy.us/p-57057463 

Brown scarf top - https://go.shopmy.us/p-57057603 

Strapless scarf dress - https://go.shopmy.us/p-56739264 

Lace satin dress - https://go.shopmy.us/p-57060159 

Pink dress - https://go.shopmy.us/p-57061390 

Brown dress - https://go.shopmy.us/p-57062014 

Black dress - https://rstyle.me/??_3F27a6XhpJDOJQ 

Beaded sandals - https://rstyle.me/?_TvzWttJf26Sl5Fqw 

Embellished Shoes 
https://go.shopmy.us/p-56184473 
https://go.shopmy.us/p-56184820 
https://go.shopmy.us/p-56184738 

Anthropologie raffia tote - https://rstyle.me/??_bPZNnZukwtrNSVw 

Raffia tote bag - https://go.shopmy.us/p-57166650 

Green cowl neck top - https://rstyle.me/????_VQV0wjgFfA 

Makeup by mario lip liner - https://go.shopmy.us/p-57176863 

Revlon lip liner - https://rstyle.me/_aDzL2JxImZATG7AhmhYQw 

Brown two piece set - https://go.shopmy.us/p-57220993 

Black skirt set - https://rstyle.me/+

???? My Outfit :

Yellow sweater - https://go.shopmy.us/p-57326069 

???? Filming Equipment : 
Mic & Camera - https://rstyle.me/?KTlK4MWS-D7rZOWbw 
Tripod - https://rstyle.me/????????
Ring Light - https://rstyle.me/?????t9LuYCw

???? Chapters : 

0:00 Summer 2026 Fashion Trends
0:20 Bermuda shorts
1:30 Thong sandals
2:30 Lace trim skirts & shorts
3:50 Polka dots
5:00 Lingerie camisoles
6:13 Straight leg mid rise jeans
7:30 Boat neck tops
8:24 Yellow
9:29 Jean capris
11:00 Kitten heels
12:03 Swim shorts
13:36 Aviator sunglasses
14:41 Skinny scarves
16:10 Slinky dresses
17:43 Shoe embellishments
19:15 Raffia tote bags
20:45 Cowl necks
21:40 Blurred lips
22:30 piece sets
24:20 MORE videos!
_________________________________

?????? Business Inquiries :
billienewland4@gmail.com
_________________________________

*Disclaimer:  This video is NOT sponsored.  Some links are affiliates. Thanks so much for the support! ????",https://www.youtube.com/watch?v=P7z4H8SkGoo,This popped up on my dashboard at the absolute perfect moment in my life.,The psychological structural explanation here is exactly what I needed to hear.,An intense but deeply necessary conversation regarding our daily core habits.,My biggest issue is trying to break this cycle without feeling completely trapped.,I never looked at the macro trends of fashion from this direct viewpoint.,Visual Hook,Peak Hours (5PM-9PM),#fashiontrends,12165,55.8,83,Emerging (Pre-Mainstream)
Fashion ,Short,317186,2966,10908259,16304,1734,11,Outfits of the week!????last one is the best :) #fashiontrends #ootd #outfitsinspo | ,https://www.youtube.com/watch?v=qzcfG9U4FjQ,brb crying in the club,this is my exact problem fr,this short just exposed my whole life structure,never thought about my fashion habits like this before,"felt this in my soul omg, thank you",Visual Hook,Off-Peak Hours (9AM-1PM),#fashiontrends,25738,56.38,88,Emerging (Pre-Mainstream)
